id,segmentation
402143,0 65536
877548,0 65536
942725,0 65536
769836,0 122 256 126 512 131 644 19 768 127 904 17 1024 125 1165 11 1280 124 1426 6 1536 123 1792 123 2048 123 2304 123 2560 123 2816 124 3072 124 3328 124 3584 125 3840 125 4096 126 4352 126 4608 126 4864 127 5120 127 5376 127 5632 128 5888 128 6144 128 6400 129 6656 129 6912 129 7168 130 7424 130 7680 130 7936 131 8192 131 8448 131 8704 132 8960 132 9216 132 9472 133 9728 133 9984 133 10240 134 10496 134 10752 134 11008 134 11264 135 11520 135 11776 135 12032 136 12288 136 12544 136 12800 137 13056 137 13312 137 13568 137 13824 138 14080 138 14336 138 14592 139 14848 139 15104 140 15360 140 15616 140 15872 141 16128 141 16384 141 16640 142 16896 142 17152 143 17408 143 17664 143 17920 144 18176 144 18432 144 18688 145 18944 145 19200 145 19456 146 19712 146 19968 146 20224 147 20480 147 20736 147 20992 148 21248 148 21504 149 21760 149 22016 149 22272 150 22528 150 22784 150 23040 151 23296 151 23552 151 23808 152 24064 152 24320 152 24576 153 24832 153 25088 153 25344 154 25600 154 25856 154 26112 155 26368 155 26624 155 26880 156 27136 156 27392 156 27648 157 27904 157 28160 157 28416 158 28672 158 28928 159 29184 159 29440 159 29696 160 29952 160 30208 160 30464 160 30720 161 30976 161 31232 161 31488 162 31744 162 32000 162 32256 163 32512 163 32768 163 33024 164 33280 164 33536 164 33792 165 34048 165 34304 165 34560 166 34816 166 35072 167 35328 167 35584 167 35840 168 36096 168 36352 168 36608 169 36864 169 37120 169 37376 170 37632 170 37888 170 38144 171 38400 171 38656 171 38912 172 39168 172 39424 173 39680 173 39936 173 40192 174 40448 174 40704 174 40960 175 41216 175 41472 175 41728 176 41984 176 42240 177 42496 177 42752 177 43008 178 43264 178 43520 178 43776 179 44032 179 44288 179 44544 180 44800 180 45056 180 45312 181 45568 181 45824 181 46080 182 46336 182 46592 182 46848 182 47104 183 47360 183 47616 183 47872 184 48128 184 48384 184 48640 185 48896 185 49152 185 49408 186 49664 186 49920 186 50176 187 50432 187 50688 187 50944 188 51200 188 51456 188 51712 189 51968 189 52224 189 52480 190 52736 190 52992 191 53248 191 53504 191 53760 192 54016 192 54272 192 54528 193 54784 193 55040 194 55296 194 55552 194 55808 195 56064 195 56320 195 56541 1 56576 196 56797 2 56832 196 57053 3 57088 196 57309 3 57344 197 57565 4 57600 197 57822 3 57856 198 58078 4 58112 198 58334 4 58368 198 58590 5 58624 199 58847 5 58880 199 59103 5 59136 199 59359 5 59392 200 59615 6 59648 200 59871 7 59904 201 60127 7 60160 201 60383 8 60416 202 60639 8 60672 202 60895 9 60928 202 61151 10 61184 203 61407 11 61440 203 61663 12 61696 204 61918 14 61952 205 62174 15 62208 205 62429 17 62464 206 62685 18 62720 206 62940 20 62976 207 63195 23 63232 208 63450 31 63488 209 63704 34 63744 210 63959 36 64000 251 64256 251 64512 250 64768 248 65024 246 65280 210 65496 26
263633,0 65536
747518,0 65536
632056,0 18406 18412 248 18671 242 18929 235 19186 231 19443 227 19700 11 19712 211 19956 11 19968 207 20212 11 20224 205 20468 11 20480 202 20724 11 20736 199 20981 10 20992 195 21237 9 21248 193 21493 9 21504 190 21749 9 21760 187 22005 8 22016 183 22262 6 22272 180 22519 4 22528 177 22784 175 23040 171 23296 169 23552 166 23808 162 24064 158 24320 156 24576 153 24832 150 25079 1 25088 148 25333 4 25344 146 25588 5 25600 144 25843 7 25856 142 26099 7 26112 139 26354 8 26368 135 26609 9 26624 133 26865 9 26880 130 27120 10 27136 125 27376 10 27392 122 27631 11 27648 120 27887 11 27904 116 28143 11 28160 112 28399 11 28416 110 28655 11 28672 107 28912 10 28928 103 29168 10 29184 100 29424 10 29440 97 29681 9 29696 95 29937 9 29952 93 30193 9 30208 89 30450 8 30464 87 30706 8 30720 85 30962 8 30976 83 31219 7 31232 80 31475 7 31488 76 31731 6 31744 74 31988 5 32000 71 32244 5 32256 66 32500 5 32512 63 32757 4 32768 61 33013 3 33024 58 33270 2 33280 54 33536 51 33792 49 34048 45 34304 41 34560 38 34816 35 35072 31 35328 27 35584 25 35840 22 36096 19 36352 16 36608 14 36865 10 37121 3 37377 2
331069,0 65536
104502,0 65536
000047,0 65536
487585,0 65536
890795,0 65536
283877,0 65536
000090,0 65536
986585,0 65536
238364,0 65536
516869,0 65536
850742,0 65536
274444,0 65536
187649,0 65536
000081,0 65536
293458,0 30411 30421 241 30698 217 30964 204 31220 199 31476 194 31733 191 31989 190 32245 189 32501 189 32757 10 32768 178 33013 10 33024 177 33269 10 33280 175 33525 10 33536 173 33781 10 33792 171 34037 10 34048 169 34293 9 34304 167 34548 10 34560 165 34804 10 34816 163 35061 8 35072 160 35317 8 35328 155 35573 6 35584 149 35830 4 35840 144 36088 1 36096 133 36352 130 36608 126 36864 116 37120 112 37376 109 37623 1 37632 108 37877 4 37888 106 38132 6 38144 104 38388 6 38400 103 38643 7 38656 101 38898 8 38912 98 39154 8 39168 87 39409 10 39424 81 39665 10 39680 74 39921 10 39936 71 40177 10 40192 68 40432 11 40448 66 40688 11 40704 63 40945 10 40960 58 41201 10 41216 55 41457 10 41472 53 41713 10 41728 48 41970 9 41984 43 42226 9 42240 39 42482 9 42496 35 42738 9 42752 26 42995 8 43008 23 43251 8 43264 20 43507 7 43520 18 43763 7 43776 16 44020 6 44032 12 44276 6 44289 4 44532 6 44545 2 44789 5 44802 1 45045 5 45301 5 45557 5 45814 3 46070 3 46327 2
000067,0 65536
905849,0 65536
841484,0 235 256 238 503 8 512 255 768 239 1013 10 1024 237 1272 7 1280 236 1530 5 1536 235 1787 3 1792 235 2044 2 2048 235 2301 1 2304 235 2557 1 2560 235 2813 1 2816 236 3069 1 3072 236 3324 2 3328 236 3580 2 3584 237 3836 2 3840 237 4092 2 4096 238 4348 3 4352 238 4604 3 4608 238 4860 3 4864 238 5116 3 5120 239 5372 3 5376 239 5627 4 5632 239 5883 4 5888 239 6139 4 6144 239 6396 3 6400 240 6652 3 6656 240 6908 3 6912 240 7164 3 7168 240 7420 3 7424 241 7676 3 7680 241 7932 3 7936 241 8188 3 8192 241 8444 3 8448 241 8700 3 8704 242 8956 3 8960 242 9212 3 9216 242 9468 3 9472 242 9724 3 9728 242 9980 3 9984 242 10236 3 10240 242 10492 3 10496 243 10748 3 10752 243 11004 3 11008 243 11260 3 11264 244 11515 4 11520 244 11771 4 11776 245 12027 4 12032 245 12283 4 12288 245 12539 4 12544 246 12795 251 13051 252 13307 252 13563 252 13818 254 14074 51462
636648,0 141 256 166 512 169 768 170 1024 143 1177 17 1280 142 1438 12 1536 141 1696 9 1792 141 1953 8 2048 141 2209 8 2304 141 2465 8 2560 142 2721 8 2816 142 2977 9 3072 142 3233 9 3328 142 3489 9 3584 143 3745 9 3840 143 4001 9 4096 143 4257 9 4352 143 4513 10 4608 143 4769 10 4864 143 5025 10 5120 143 5281 10 5376 143 5538 9 5632 143 5794 9 5888 144 6050 9 6144 144 6307 8 6400 144 6563 8 6656 144 6819 8 6912 145 7076 8 7168 145 7332 8 7424 145 7588 8 7680 145 7844 8 7936 146 8101 7 8192 146 8357 8 8448 146 8613 8 8704 146 8869 8 8960 146 9125 8 9216 147 9381 8 9472 147 9638 8 9728 147 9894 8 9984 147 10150 8 10240 147 10406 8 10496 147 10662 8 10752 147 10918 9 11008 148 11174 9 11264 148 11430 9 11520 148 11686 9 11776 149 11943 8 12032 149 12199 8 12288 149 12455 8 12544 149 12711 8 12800 149 12968 7 13056 149 13224 7 13312 149 13481 6 13568 149 13737 6 13824 149 13994 4 14080 149 14251 3 14336 148 14508 1 14592 149 14848 149 15104 149 15360 149 15616 149 15872 149 16128 149 16384 150 16640 150 16896 150 17152 150 17408 151 17664 151 17920 151 18176 152 18432 152 18688 153 18944 153 19200 153 19456 154 19712 154 19968 154 20147 1 20224 154 20403 2 20480 155 20658 4 20736 155 20914 4 20992 156 21170 5 21248 156 21426 5 21504 156 21682 5 21760 157 21938 5 22016 157 22194 6 22272 157 22450 6 22528 157 22707 5 22784 158 22963 5 23040 158 23219 6 23296 158 23475 6 23552 158 23731 6 23808 158 23987 6 24064 158 24244 6 24320 159 24500 6 24576 159 24756 6 24832 159 25012 6 25088 159 25268 7 25344 160 25525 6 25600 160 25781 6 25856 160 26037 7 26112 161 26293 7 26368 161 26549 7 26624 161 26805 8 26880 161 27062 7 27136 161 27318 7 27392 162 27574 7 27648 162 27830 8 27904 162 28086 8 28160 162 28342 8 28416 162 28598 9 28672 162 28854 9 28928 162 29111 8 29184 163 29367 8 29440 163 29623 8 29696 163 29879 9 29952 163 30135 9 30208 164 30391 9 30464 164 30647 9 30720 164 30903 9 30976 165 31160 8 31232 165 31416 8 31488 165 31672 9 31744 166 31928 9 32000 166 32185 8 32256 166 32441 8 32512 166 32697 8 32768 166 32954 7 33024 166 33210 7 33280 166 33466 7 33536 167 33723 7 33792 167 33979 7 34048 167 34235 7 34304 167 34492 6 34560 167 34748 6 34816 168 35004 7 35072 168 35261 6 35328 168 35517 6 35584 169 35773 7 35840 169 36029 7 36096 169 36285 7 36352 170 36541 8 36608 170 36797 8 36864 170 37054 8 37120 170 37310 8 37376 171 37566 8 37632 171 37822 9 37888 171 38078 9 38144 171 38334 9 38400 171 38590 9 38656 171 38846 10 38912 172 39102 10 39168 172 39358 10 39424 172 39614 10 39680 172 39870 10 39936 172 40126 10 40192 173 40382 11 40448 173 40638 11 40704 173 40895 10 40960 173 41151 10 41216 173 41407 10 41472 173 41664 9 41728 173 41920 9 41984 173 42177 8 42240 173 42433 8 42496 173 42690 7 42752 173 42946 6 43008 174 43203 5 43264 174 43459 5 43520 174 43716 4 43776 174 43973 3 44032 174 44230 2 44288 175 44487 1 44544 175 44800 175 45056 176 45312 176 45568 176 45768 1 45824 177 46024 2 46080 177 46280 3 46336 177 46536 3 46592 178 46792 4 46848 178 47048 4 47104 178 47304 5 47360 178 47560 5 47616 178 47816 5 47872 179 48072 6 48128 179 48328 6 48384 179 48584 6 48640 179 48840 7 48896 180 49096 7 49152 180 49352 7 49408 180 49608 7 49664 181 49865 7 49920 181 50121 7 50176 181 50377 7 50432 181 50633 7 50688 182 50889 7 50944 182 51145 8 51200 182 51401 8 51456 182 51657 8 51712 183 51914 7 51968 183 52170 7 52224 183 52426 8 52480 183 52682 8 52736 183 52938 8 52992 183 53195 7 53248 183 53451 8 53504 184 53707 8 53760 184 53963 8 54016 184 54220 7 54272 185 54476 8 54528 185 54732 8 54784 185 54988 8 55040 185 55245 8 55296 186 55501 8 55552 186 55757 8 55808 186 56013 9 56064 186 56270 8 56320 186 56526 8 56576 186 56782 9 56832 186 57038 9 57088 186 57295 8 57344 187 57551 9 57600 187 57807 9 57856 187 58063 9 58112 187 58320 8 58368 188 58576 9 58624 188 58832 9 58880 188 59088 9 59136 189 59344 10 59392 189 59601 9 59648 189 59857 9 59904 189 60113 10 60160 190 60369 10 60416 190 60625 11 60672 190 60881 11 60928 191 61137 12 61184 191 61393 13 61440 191 61648 14 61696 191 61904 15 61952 192 62160 16 62208 192 62415 18 62464 193 62670 21 62720 194 62926 29 62976 194 63181 33 63232 195 63435 40 63488 196 63689 45 63744 247 64000 248 64256 248 64512 246 64768 238 65024 236 65280 197 65481 31
711772,0 65536
661320,0 65536
391427,0 65536
403905,0 65536
534313,0 65536
799282,0 8932 8943 241 9204 229 9461 222 9718 9 9728 205 9974 9 9984 201 10230 9 10240 197 10486 9 10496 189 10742 8 10752 185 10998 8 11008 182 11255 7 11264 179 11512 5 11520 178 11770 2 11776 176 12032 174 12288 172 12544 169 12800 164 13056 163 13312 161 13568 160 13813 4 13824 159 14067 7 14080 158 14321 9 14336 156 14576 10 14592 154 14831 12 14848 153 15086 13 15104 151 15342 13 15360 137 15598 13 15616 134 15854 13 15872 131 16110 13 16128 114 16366 13 16384 111 16622 13 16640 110 16878 13 16896 108 17134 13 17152 107 17391 12 17408 106 17647 12 17664 105 17904 11 17920 102 18160 10 18176 93 18417 9 18432 89 18673 9 18688 86 18930 8 18944 67 19014 12 19186 8 19200 66 19276 2 19443 7 19456 66 19699 7 19712 66 19955 7 19968 65 20212 6 20224 64 20468 5 20480 64 20725 4 20736 63 20981 4 20992 61 21238 2 21248 58 21504 22 21537 23 21760 19 21796 17 22016 15 22059 3 22272 11 22528 7 22784 5 23041 3 23297 3 23554 1
000048,0 65536
701596,0 65536
000031,0 65536
726981,0 65536
689810,0 65536
548413,0 65536
777433,0 65536
810943,0 65536
692688,0 12288 12289 255 12545 255 12801 255 13057 2 13061 251 13313 2 13318 250 13570 1 13574 250 13826 1 13831 249 14082 1 14087 249 14344 248 14600 248 14856 248 15113 247 15369 247 15626 246 15882 246 16138 246 16395 245 16651 245 16907 245 17164 244 17420 244 17676 244 17933 243 18189 243 18446 242 18702 242 18958 242 19214 242 19471 241 19727 241 19983 241 20240 240 20496 240 20753 239 21009 239 21265 239 21522 238 21778 238 22034 238 22291 237 22547 237 22803 237 23060 236 23316 236 23572 236 23829 235 24085 235 24342 234 24598 234 24854 234 25110 234 25367 233 25623 233 25880 232 26136 232 26392 232 26649 231 26905 231 27161 231 27418 230 27674 230 27930 230 28187 229 28443 229 28700 228 28956 228 29212 228 29469 227 29725 227 29981 227 30238 226 30494 226 30750 226 31007 225 31263 225 31520 224 31776 224 32032 224 32289 223 32545 223 32801 223 33058 222 33314 222 33570 222 33827 221 34083 221 34339 221 34596 220 34852 220 35108 220 35365 219 35621 219 35878 218 36134 218 36390 218 36647 217 36903 217 37159 217 37416 216 37672 216 37928 216 38185 215 38441 215 38697 215 38954 214 39210 214 39466 214 39723 213 39979 213 40236 212 40492 212 40748 212 41004 212 41261 211 41517 211 41774 210 42030 210 42286 210 42543 209 42799 209 43055 209 43312 208 43568 208 43825 207 44081 207 44337 207 44594 206 44850 206 45106 206 45363 205 45619 205 45876 204 46132 204 46388 204 46644 204 46901 203 47157 203 47414 202 47670 202 47926 202 48182 202 48439 201 48695 201 48952 200 49208 200 49464 200 49721 199 49977 199 50233 199 50490 198 50746 198 51002 198 51259 197 51515 197 51772 196 52028 196 52284 196 52541 195 52797 195 53053 195 53310 194 53566 194 53822 194 54079 193 54335 193 54591 193 54848 192 55104 192 55360 192 55617 191 55873 191 56129 191 56386 190 56642 190 56899 189 57155 189 57411 189 57668 188 57924 188 58180 188 58437 187 58693 187 58950 186 59206 186 59462 186 59718 186 59975 185 60231 185 60488 184 60744 184 61000 184 61256 184 61513 183 61769 183 62025 183 62282 182 62537 183 62793 183 63049 183 63305 183 63561 183 63817 183 64073 183 64329 183 64584 184 64841 183 65097 183 65354 182
000004,0 65536
563581,0 65536
927691,0 65536
000030,0 65536
863364,0 65536
222553,0 65536
748680,0 65536
000080,0 39228 39230 249 39489 244 39745 242 40001 241 40257 241 40512 242 40767 243 41022 245 41272 252 41526 755 42284 252 42540 251 42796 250 43052 250 43308 249 43564 249 43820 249 44076 249 44332 249 44587 250 44843 252 45099 20437
567636,0 65536
349461,0 65536
416208,249 7 501 11 756 12 1013 11 1271 9 1529 7 1786 6 2042 5 2299 4 2555 4 2811 4 3067 4 3322 5 3578 6 3833 7 4088 8 4343 9 4598 10 4852 12 5107 13 5361 15 5615 17 5869 19 6123 21 6378 22 6632 24 6886 26 7140 28 7393 31 7646 34 7899 37 8152 40 8406 42 8659 45 8912 48 9165 51 9419 53 9672 56 9924 60 10178 62 10431 65 10684 68 10936 72 11189 75 11441 79 11693 83 11947 85 12200 88 12453 91 12706 94 12958 98 13210 102 13464 104 13718 106 13971 109 14224 112 14476 116 14729 119 14981 123 15233 127 15486 130 15737 135 15989 139 16241 143 16493 147 16746 150 16999 153 17253 155 17507 157 17761 159 18014 162 18266 166 18520 168 18772 172 19024 176 19277 179 19530 182 19783 185 20036 188 20289 191 20542 194 20794 198 21047 201 21300 204 21553 207 21806 210 22058 214 22311 217 22529 1 22563 221 22785 2 22817 226 23069 230 23322 234 23575 237 23828 241 24081 244 24334 248 24588 40948
232617,0 65536
149617, 
403524,0 65536
000070,0 65536
305222,0 65536
000054,0 65536
222596,0 65536
433193,0 65536
000044,0 65536
919234,0 65536
255130,0 65536
682813,0 104 256 108 370 14 512 132 768 133 1024 107 1141 16 1280 105 1402 10 1536 105 1661 7 1792 105 1918 6 2048 105 2174 6 2304 105 2431 5 2560 105 2687 5 2816 105 2942 6 3072 105 3198 7 3328 106 3454 7 3584 106 3710 7 3840 106 3966 8 4096 106 4222 8 4352 106 4478 8 4608 106 4734 8 4864 107 4990 9 5120 107 5246 9 5376 107 5502 9 5632 107 5758 9 5888 107 6014 9 6144 108 6271 8 6400 108 6527 8 6656 108 6783 8 6912 109 7039 8 7168 109 7295 9 7424 109 7552 8 7680 109 7808 8 7936 109 8064 8 8192 109 8321 7 8448 110 8577 7 8704 110 8833 7 8960 110 9090 6 9216 110 9346 6 9472 110 9602 6 9728 110 9859 5 9984 110 10115 5 10240 110 10371 5 10496 111 10628 5 10752 111 10884 5 11008 111 11140 5 11264 111 11396 5 11520 112 11653 5 11776 112 11909 5 12032 112 12165 5 12288 113 12421 6 12544 113 12677 6 12800 113 12933 6 13056 113 13190 6 13312 113 13446 6 13568 113 13702 6 13824 114 13958 6 14080 114 14214 7 14336 114 14470 7 14592 114 14726 7 14848 114 14982 7 15104 115 15239 6 15360 115 15495 7 15616 115 15751 7 15872 115 16007 7 16128 116 16263 7 16384 116 16519 7 16640 116 16776 6 16896 117 17032 7 17152 117 17288 7 17408 117 17544 7 17664 117 17800 7 17920 117 18057 6 18176 117 18313 6 18432 118 18569 6 18688 118 18826 5 18944 118 19082 5 19200 118 19338 6 19456 118 19595 5 19712 118 19851 5 19968 118 20107 5 20224 119 20364 4 20480 119 20620 4 20736 119 20876 5 20992 119 21132 5 21248 120 21389 4 21504 120 21645 4 21760 120 21901 5 22016 121 22157 5 22272 121 22413 6 22528 121 22670 5 22784 121 22926 5 23040 121 23182 6 23296 122 23438 6 23552 122 23694 6 23808 122 23950 6 24064 122 24206 7 24320 122 24462 7 24576 122 24719 6 24832 123 24975 6 25088 123 25231 7 25344 123 25487 7 25600 123 25743 7 25856 124 25999 7 26112 124 26255 7 26368 124 26512 7 26624 125 26768 7 26880 125 27024 7 27136 125 27280 7 27392 125 27537 6 27648 125 27793 6 27904 125 28049 6 28160 126 28305 6 28416 126 28562 5 28672 126 28818 5 28928 126 29074 5 29184 126 29331 4 29440 126 29587 5 29696 127 29843 5 29952 127 30100 4 30208 127 30356 4 30464 127 30612 4 30720 128 30869 3 30976 128 31125 4 31232 128 31381 4 31488 128 31637 4 31744 129 31894 4 32000 129 32150 4 32256 129 32406 4 32512 129 32662 5 32768 129 32918 5 33024 130 33174 5 33280 130 33430 5 33536 130 33687 5 33792 130 33943 5 34048 130 34199 5 34304 130 34455 5 34560 130 34711 6 34816 131 34967 6 35072 131 35223 6 35328 131 35480 5 35584 131 35736 5 35840 132 35992 5 36096 132 36248 6 36352 132 36504 6 36608 133 36761 5 36864 133 37017 5 37120 133 37273 5 37376 133 37530 4 37632 133 37786 4 37888 133 38042 4 38144 134 38299 3 38400 134 38555 3 38656 134 38811 3 38912 134 39068 2 39168 134 39324 2 39424 134 39581 1 39680 135 39837 1 39936 135 40192 135 40448 135 40704 136 40960 136 41119 1 41216 136 41375 1 41472 137 41631 2 41728 137 41887 2 41984 137 42143 3 42240 137 42399 3 42496 137 42655 3 42752 138 42911 4 43008 138 43167 4 43264 138 43423 4 43520 138 43679 5 43776 138 43936 4 44032 138 44192 4 44288 139 44448 5 44544 139 44704 5 44800 139 44960 5 45056 139 45216 5 45312 140 45472 6 45568 140 45728 6 45824 140 45985 5 46080 141 46241 5 46336 141 46497 6 46592 141 46753 6 46848 141 47009 6 47104 141 47265 6 47360 142 47521 6 47616 142 47778 5 47872 142 48034 6 48128 142 48290 6 48384 142 48546 6 48640 142 48803 5 48896 142 49059 5 49152 143 49315 5 49408 143 49571 5 49664 143 49828 5 49920 143 50084 5 50176 143 50340 5 50432 144 50596 5 50688 144 50853 5 50944 144 51109 5 51200 145 51365 5 51456 145 51621 6 51712 145 51877 6 51968 145 52134 5 52224 145 52390 6 52480 146 52646 6 52736 146 52902 7 52992 146 53158 7 53248 146 53414 7 53504 146 53670 8 53760 146 53927 7 54016 147 54183 7 54272 147 54439 8 54528 147 54695 8 54784 147 54951 8 55040 148 55207 8 55296 148 55463 9 55552 148 55720 8 55808 149 55976 8 56064 149 56232 8 56320 149 56488 8 56576 149 56744 9 56832 150 57001 8 57088 150 57257 8 57344 150 57513 8 57600 150 57769 9 57856 150 58026 8 58112 150 58282 8 58368 151 58538 8 58624 151 58795 7 58880 151 59051 8 59136 151 59307 8 59392 151 59564 7 59648 152 59820 8 59904 152 60076 8 60160 153 60332 9 60416 153 60588 9 60672 153 60844 10 60928 154 61100 11 61184 154 61356 11 61440 154 61612 13 61696 155 61868 14 61952 155 62123 15 62208 155 62379 16 62464 156 62634 19 62720 156 62889 21 62976 157 63144 25 63232 157 63399 37 63488 158 63653 42 63744 160 63906 48 64000 211 64256 211 64512 208 64768 198 65024 195 65280 160 65444 28
839719,0 65536
702433,0 65536
981723,0 65536
000043,0 65536
308936,0 65536
000085,0 65536
270495,0 65536
778684,0 65536
337798,0 65536
000052,0 65536
000041,0 65536
402654,0 65536
000065,0 65536
772465,0 65536
326172,0 65536
000002,0 65536
423047,0 65536
000066,0 65536
000086,0 65536
584567,0 65536
000014,0 1685 1689 251 1947 249 2204 248 2460 249 2717 249 2972 251 3228 252 3482 62054
000029,0 65536
826515,0 65536
904357,0 65536
447372,0 65536
000036,0 65536
123643,0 65536
000089,0 9169 9172 249 9428 249 9685 247 9941 247 10198 246 10454 247 10710 248 10966 249 11222 251 11477 7896 19374 255 19630 1782 21414 252 21671 247 21928 243 22183 242 22439 241 22695 240 22951 238 23207 237 23463 236 23719 236 23974 236 24230 236 24485 237 24740 237 24995 238 25250 238 25505 239 25761 239 26016 240 26271 240 26527 240 26782 242 27038 242 27293 244 27549 245 27804 246 28059 225 28287 19 28314 225 28545 17 28569 226 28802 16 28824 225 29057 19 29079 225 29312 236 29566 237 29821 235 30075 235 30328 237 30584 236 30839 236 31095 236 31350 237 31605 238 31861 239 32116 240 32371 242 32625 244 32880 245 33135 247 33391 248 33645 2515 36161 1 36173 242 36429 241 36685 240 36940 240 37195 241 37449 242 37704 242 37959 242 38215 242 38469 242 38725 242 38980 242 39236 242 39492 241 39748 240 40003 241 40259 241 40515 240 40770 241 41026 241 41282 241 41538 240 41794 240 42050 239 42306 239 42562 239 42818 239 43071 242 43327 237 43566 3 43583 237 43823 1 43839 236 44095 236 44351 235 44608 232 44865 220 45087 9 45121 209 45333 6 45350 1 45359 1 45379 200 45614 3 45636 198 45869 5 45893 196 46125 6 46149 195 46380 9 46406 194 46627 21 46663 192 46882 25 46919 192 47138 27 47176 191 47394 28 47433 190 47650 29 47689 190 47904 32 47946 189 48157 36 48203 189 48412 39 48461 187 48667 41 48718 186 48922 43 48976 184 49177 45 49233 184 49432 46 49491 182 49686 49 49750 180 49940 51 50010 177 50194 54 50267 237 50524 237 50780 238 51036 239 51292 240 51549 240 51806 239 52062 240 52316 243 52572 244 52828 245 53084 246 53341 246 53597 246 53854 246 54110 246 54366 247 54622 248 54878 248 55133 250 55390 250 55645 255 55901 2856 58759 254 59016 254 59274 255 59530 6006
442220,0 65536
000056,0 65536
000098,0 65536
000046,0 13056 13057 255 13313 255 13570 254 13826 254 14082 1 14084 252 14338 1 14340 252 14596 252 14852 252 15106 1 15108 252 15362 254 15618 254 15873 26052 41931 1 41938 243 42195 242 42452 241 42709 241 42967 240 43224 240 43481 240 43738 241 43995 241 44252 241 44508 242 44764 243 45020 245 45277 247 45533 249 45789 251 46044 254 46299 19237
315120,0 65536
317877,0 65536
655919,0 28160 28161 255 28417 255 28673 255 28929 255 29185 2 29188 252 29441 2 29445 251 29698 1 29701 251 29954 1 29958 250 30214 250 30470 250 30726 250 30982 250 31239 249 31495 249 31751 249 32007 216 32227 29 32263 208 32487 25 32519 205 32747 21 32776 199 33006 18 33032 197 33265 15 33288 194 33522 14 33544 192 33779 13 33800 191 34036 12 34056 189 34292 12 34313 186 34549 11 34569 184 34805 11 34825 183 35061 11 35081 181 35318 10 35337 178 35574 10 35594 175 35830 9 35850 162 36018 3 36086 9 36106 155 36342 9 36363 149 36598 9 36619 143 36854 9 36875 138 37109 10 37132 133 37365 9 37388 129 37622 8 37644 124 37878 8 37900 120 38134 7 38157 115 38391 4 38413 113 38669 109 38925 106 39182 100 39438 97 39694 92 39950 86 40182 2 40206 80 40437 4 40462 78 40692 6 40718 75 40947 7 40974 70 41202 8 41230 62 41458 9 41485 59 41713 10 41741 54 41969 10 41997 49 42224 11 42252 46 42480 11 42509 42 42736 11 42765 39 42992 11 43022 30 43248 11 43278 24 43505 10 43534 22 43761 10 43791 18 44017 10 44048 14 44274 9 44306 11 44530 9 44564 8 44786 9 44822 4 45043 8 45299 7 45556 6 45812 6 46068 6 46324 6 46581 5 46837 5 47093 5 47349 4 47606 3 47862 3 48119 1
000006,0 65536
000020,0 65536
409913,0 65536
544420,0 65536
962767,0 65536
976097,0 60903 60911 245 61170 237 61427 234 61684 230 61940 229 62196 227 62452 226 62708 11 62720 213 62963 12 62976 214 63218 13 63232 214 63473 14 63488 215 63727 16 63744 216 63982 17 64000 218 64237 18 64256 219 64493 18 64512 214 64754 12 64768 207 65013 9 65024 203 65270 8 65280 195
000033,0 65536
000091,0 65536
474754,0 65536
255544,0 20736 20737 255 20993 255 21249 255 21505 255 21761 255 22017 255 22273 3 22277 251 22529 3 22534 250 22786 1 22790 250 23042 1 23046 250 23298 1 23302 250 23559 249 23815 249 24072 248 24328 248 24585 247 24841 247 25098 246 25354 246 25611 245 25867 245 26123 245 26380 244 26636 244 26893 243 27149 243 27405 243 27662 242 27918 242 28174 242 28431 241 28687 241 28943 241 29200 240 29456 240 29712 240 29969 239 30225 239 30481 239 30738 238 30994 238 31250 238 31507 237 31763 237 32019 237 32275 237 32532 236 32788 236 33044 236 33301 235 33557 235 33813 235 34070 234 34326 234 34582 234 34839 233 35095 233 35351 233 35608 232 35864 232 36120 232 36377 231 36633 231 36889 231 37146 230 37402 230 37658 230 37915 229 38171 229 38427 229 38684 228 38940 228 39196 228 39453 227 39709 227 39965 227 40222 226 40478 226 40735 225 40991 225 41247 225 41504 224 41760 224 42016 224 42273 223 42529 223 42785 223 43041 223 43298 222 43554 222 43810 222 44067 221 44323 221 44579 221 44836 220 45092 220 45348 220 45604 220 45861 219 46117 219 46374 218 46630 218 46886 218 47142 218 47399 217 47655 217 47912 216 48168 216 48424 216 48680 216 48937 215 49193 215 49450 214 49706 214 49962 214 50219 213 50475 213 50731 213 50988 212 51244 212 51500 212 51757 211 52013 211 52270 210 52526 210 52782 210 53039 209 53295 209 53551 209 53808 208 54064 208 54320 208 54577 207 54833 207 55089 207 55345 207 55602 206 55858 206 56115 205 56371 205 56627 205 56883 205 57140 204 57396 204 57652 204 57909 203 58165 203 58422 202 58678 202 58934 202 59191 201 59447 201 59703 201 59959 201 60216 200 60472 200 60728 200 60985 199 61241 199 61497 199 61754 198 62010 198 62266 198 62522 198 62778 198 62994 4 63034 198 63249 6 63290 198 63505 6 63546 198 63763 4 63801 199 64057 199 64312 200 64568 200 64824 200 65080 200 65337 199
158770,0 65536
688285,0 2053 2056 248 2305 4 2313 247 2561 3 2570 246 2817 3 2826 246 3073 2 3083 245 3329 2 3339 245 3585 2 3595 245 3851 245 4108 244 4364 244 4621 243 4877 243 5134 242 5390 242 5646 242 5902 242 6158 242 6415 241 6671 241 6927 241 7184 240 7440 240 7696 240 7952 240 8208 240 8465 239 8721 239 8977 239 9234 238 9490 238 9746 238 10002 238 10259 237 10515 237 10771 237 11027 237 11283 237 11539 237 11796 236 12052 236 12308 236 12564 236 12821 235 13077 235 13333 235 13589 235 13846 234 14102 234 14358 234 14614 234 14870 234 15127 233 15383 233 15639 233 15895 233 16151 233 16408 232 16664 232 16920 232 17177 231 17433 231 17689 231 17945 231 18201 231 18458 230 18714 230 18970 230 19226 230 19483 229 19739 229 19995 229 20251 229 20507 229 20764 228 21020 228 21276 228 21532 228 21789 227 22045 227 22301 227 22557 227 22813 227 23069 227 23326 226 23582 226 23838 226 24094 226 24350 226 24607 225 24863 225 25119 225 25375 225 25631 225 25888 224 26144 224 26400 224 26656 224 26912 224 27169 223 27425 223 27681 223 27937 223 28194 222 28450 222 28706 222 28962 222 29218 222 29475 221 29731 221 29987 221 30243 221 30500 220 30756 220 31012 220 31268 220 31525 219 31781 219 32037 219 32293 219 32550 218 32806 218 33062 218 33318 218 33575 217 33831 217 34087 217 34343 217 34599 217 34856 216 35112 216 35368 216 35624 216 35880 216 36137 215 36393 215 36649 215 36905 215 37161 215 37418 214 37674 214 37930 214 38186 214 38443 213 38699 213 38955 213 39211 213 39468 212 39724 212 39980 212 40236 212 40493 211 40749 211 41005 211 41261 211 41517 211 41774 210 42030 210 42286 210 42542 210 42798 210 43055 209 43311 209 43567 209 43823 209 44079 209 44336 208 44592 208 44848 208 45104 208 45360 208 45617 207 45873 207 46129 207 46385 207 46642 206 46898 206 47154 206 47410 206 47667 205 47923 205 48179 205 48435 205 48691 205 48948 204 49204 204 49460 204 49716 204 49972 204 50229 203 50485 203 50741 203 50997 203 51253 203 51510 202 51766 202 52022 202 52278 202 52535 201 52791 201 53047 201 53303 201 53559 201 53816 200 54072 200 54328 200 54584 200 54841 199 55097 199 55353 199 55609 199 55866 198 56122 198 56378 198 56634 198 56890 198 57147 197 57403 197 57659 197 57915 197 58171 197 58428 196 58684 196 58940 196 59196 196 59452 196 59708 196 59965 195 60221 195 60477 195 60733 195 60989 195 61245 195 61502 194 61758 194 61977 3 62014 194 62231 6 62270 194 62486 8 62526 194 62740 11 62782 194 62995 13 63037 195 63250 15 63293 195 63506 16 63549 195 63763 15 63805 195 64021 13 64060 196 64282 6 64316 196 64572 196 64828 196 65084 196 65341 195
680771,0 65536
000076,0 65536
596931,0 65536
142027,0 65536
487629,0 65536
442157,0 65536
933048,0 65536
000012,0 3161 3163 254 3419 254 3675 255 3931 255 4187 2817 7005 255 7262 1022 8290 251 8547 251 8803 251 9060 251 9317 251 9573 254 9829 17919 27757 238 27997 5 28013 237 28254 4 28268 235 28510 5 28524 231 28757 3 28766 6 28780 231 29013 6 29021 8 29036 250 29293 249 29550 247 29807 244 30063 244 30318 245 30571 249 30826 251 31081 2005 33089 247 33339 2 33346 245 33602 244 33858 244 34114 242 34370 240 34626 239 34883 237 35139 236 35395 235 35651 234 35907 232 36164 230 36421 228 36678 12 36694 211 36935 7 36956 204 37192 4 37213 201 37447 4 37470 198 37702 6 37727 196 37958 8 37985 193 38213 11 38243 190 38469 13 38500 188 38724 16 38757 187 38980 17 39014 185 39236 18 39273 181 39491 20 39530 179 39747 20 39786 178 40002 22 40042 178 40258 22 40299 176 40513 23 40556 175 40768 25 40814 172 41024 26 41070 172 41279 28 41326 171 41534 30 41583 170 41790 30 41839 170 42044 33 42092 173 42297 36 42347 149 42497 24 42551 39 42604 148 42754 23 42806 40 42860 148 43010 23 43061 42 43116 148 43267 22 43317 42 43374 146 43523 1 43525 20 43572 44 43630 146 43783 18 43828 44 43887 145 44039 18 44083 45 44143 145 44295 19 44339 46 44396 148 44551 19 44594 47 44651 149 44807 20 44850 47 44906 150 45064 19 45105 48 45162 150 45320 20 45361 49 45417 151 45577 19 45616 51 45673 151 45834 19 45872 51 45928 152 46090 19 46128 51 46184 152 46346 20 46384 51 46439 153 46602 20 46640 51 46694 154 46853 1 46858 20 46896 208 47107 27 47152 208 47363 27 47408 208 47618 29 47664 208 47874 29 47920 239 48177 50 48231 184 48433 49 48487 184 48690 48 48744 183 48947 47 49001 182 49203 46 49257 181 49460 45 49514 180 49717 44 49771 179 49974 43 50027 179 50231 42 50285 176 50488 41 50544 173 50745 39 50800 172 51002 38 51057 171 51258 38 51314 169 51514 38 51570 2 51573 21 51597 141 51770 38 51827 1 51831 1 51833 4 51839 10 51853 140 52026 38 52096 6 52109 139 52282 39 52354 2 52370 132 52538 39 52626 129 52794 40 52837 1 52882 128 53050 40 53092 2 53139 126 53306 40 53348 3 53395 125 53562 40 53603 4 53622 5 53652 121 53818 39 53859 5 53878 6 53908 119 54074 39 54115 5 54130 1 54132 10 54168 110 54330 38 54372 4 54384 15 54424 110 54586 38 54629 3 54640 16 54680 109 54842 37 54896 17 54935 105 55042 2 55097 38 55152 18 55191 105 55353 38 55408 19 55447 105 55590 2 55596 10 55607 39 55664 19 55706 102 55845 57 55920 20 55962 102 56101 57 56176 21 56218 102 56356 57 56431 23 56474 102 56612 56 56687 24 56730 102 56868 55 56943 25 56987 101 57124 54 57199 26 57243 101 57380 52 57455 26 57499 101 57635 52 57711 27 57756 100 57858 4 57891 51 57967 28 58013 99 58114 4 58147 50 58223 28 58268 100 58369 6 58403 50 58479 29 58524 100 58625 7 58659 50 58734 30 58779 118 58914 51 58990 31 59035 120 59170 51 59246 31 59291 123 59427 50 59502 31 59547 125 59683 51 59743 1 59758 32 59803 127 59939 51 59998 2 60013 33 60059 132 60195 52 60254 2 60269 33 60315 188 60510 2 60525 34 60572 188 60766 2 60780 36 60827 189 61023 2 61036 36 61083 190 61279 2 61291 38 61339 190 61536 1 61547 38 61595 191 61803 39 61851 192 62060 38 62106 192 62316 39 62361 192 62571 41 62616 193 62827 238 63083 238 63339 238 63594 240 63850 240 64106 241 64361 243 64616 245 64871 244 65129 243 65385 151
513583,0 65536
809952,224 32 470 42 723 45 982 42 1242 38 1500 36 1757 35 2013 35 2267 37 2521 39 2774 42 3028 44 3281 47 3535 49 3787 53 4040 56 4293 59 4546 62 4799 65 5052 68 5306 70 5559 73 5812 76 6065 79 6319 81 6571 85 6824 88 7077 91 7330 94 7582 98 7835 101 8088 104 8341 107 8594 110 8847 113 9100 116 9353 119 9605 123 9858 126 10110 130 10364 132 10616 136 10869 139 11121 143 11374 146 11627 149 11879 153 12132 156 12385 159 12638 162 12891 165 13144 168 13398 170 13650 174 13903 177 14156 180 14409 183 14662 186 14914 190 15166 194 15419 197 15673 199 15926 202 16179 205 16432 208 16686 210 16939 213 17153 1 17191 217 17409 2 17445 219 17665 2 17697 226 17949 230 18201 235 18454 238 18707 242 18959 247 19212 46324
000053,0 65536
418853,0 65536
524214,0 65536
372637,0 65536
000025,0 65536
461675,0 65536
255132,0 65536
529350,15 8 39 217 268 17 289 223 522 246 776 248 1031 22 1061 219 1287 20 1322 214 1543 18 1580 212 1799 18 1837 211 2055 17 2093 211 2311 16 2350 210 2568 15 2606 210 2824 14 2863 209 3080 14 3119 209 3336 13 3376 208 3592 13 3632 208 3848 13 3888 208 4104 13 4144 208 4360 13 4400 208 4616 13 4656 208 4872 13 4913 207 5128 13 5169 207 5384 13 5426 206 5641 11 5682 206 5897 11 5938 206 6154 10 6194 206 6411 8 6451 205 6668 7 6707 205 6926 4 6963 205 7219 205 7475 205 7732 204 7988 204 8244 204 8500 204 8757 203 9013 203 9269 203 9525 203 9782 202 10038 202 10294 202 10550 202 10806 202 11063 201 11319 201 11575 201 11831 201 12087 201 12344 200 12600 200 12856 200 13112 200 13368 200 13625 199 13881 199 14137 199 14393 199 14649 199 14906 198 15162 198 15418 198 15674 198 15930 198 16187 197 16443 197 16699 197 16955 197 17211 197 17468 196 17724 196 17980 196 18236 196 18492 196 18749 195 19005 195 19261 195 19517 195 19773 195 20030 194 20286 194 20542 194 20798 194 21055 193 21311 193 21567 193 21823 193 22079 193 22336 192 22592 192 22848 192 23104 192 23361 191 23617 191 23873 191 24129 191 24385 191 24641 191 24898 190 25154 190 25410 190 25666 190 25923 189 26179 189 26435 189 26691 189 26948 188 27204 188 27460 188 27716 188 27972 188 28228 188 28485 187 28741 187 28997 187 29253 187 29509 187 29766 186 30022 186 30278 186 30534 186 30790 186 31047 185 31303 185 31559 185 31815 185 32072 184 32328 184 32584 184 32840 184 33096 184 33353 183 33609 183 33865 183 34121 183 34377 183 34634 182 34890 182 35146 182 35402 182 35658 182 35914 182 36171 181 36427 181 36683 181 36939 181 37195 181 37452 180 37708 180 37964 180 38220 180 38476 180 38733 179 38989 179 39245 179 39501 179 39757 179 40014 178 40270 178 40526 178 40782 178 41039 177 41295 177 41551 177 41807 177 42063 177 42320 176 42576 176 42832 176 43088 176 43344 176 43601 175 43857 175 44113 175 44369 175 44626 174 44882 174 45138 174 45394 174 45650 174 45907 173 46163 173 46419 173 46675 173 46931 173 47188 172 47444 172 47700 172 47956 172 48212 172 48469 171 48725 171 48981 171 49237 171 49494 170 49750 170 50006 170 50262 170 50518 170 50774 170 51031 169 51287 169 51543 169 51799 169 52055 169 52312 168 52568 168 52824 168 53080 168 53336 168 53593 167 53849 167 54105 167 54361 167 54618 166 54874 166 55130 166 55386 166 55642 166 55899 165 56155 165 56411 165 56667 165 56923 165 57179 165 57436 164 57692 164 57948 164 58204 164 58460 164 58717 163 58973 163 59229 163 59485 163 59741 163 59998 162 60254 162 60510 162 60766 162 61022 162 61278 162 61534 162 61791 161 62047 161 62303 161 62522 4 62559 161 62776 7 62815 161 63030 11 63071 161 63286 12 63327 161 63542 12 63583 161 63799 11 63839 161 64057 9 64094 162 64350 162 64605 163 64861 163 65117 163 65373 163
000075,0 65536
534649,0 65536
421383,0 65536
734470,0 185 256 188 458 6 512 214 768 190 964 19 1024 188 1226 13 1280 187 1486 8 1536 186 1745 3 1792 186 2048 186 2304 186 2560 186 2816 186 3072 187 3328 187 3584 187 3840 187 4096 188 4352 188 4608 188 4864 188 5120 189 5376 189 5632 189 5888 190 6144 190 6400 190 6656 191 6912 191 7168 191 7424 192 7680 192 7936 192 8192 193 8448 193 8704 193 8960 193 9216 194 9472 194 9728 194 9984 195 10240 195 10496 196 10752 196 11008 196 11264 196 11520 197 11776 197 12032 197 12288 197 12544 198 12800 198 13056 198 13312 198 13568 199 13824 199 14080 199 14336 199 14592 200 14848 200 15104 200 15360 200 15616 201 15872 201 16128 201 16384 201 16640 201 16896 201 17152 202 17408 202 17664 202 17920 202 18176 203 18432 203 18688 203 18944 203 19200 204 19456 204 19712 204 19968 204 20224 205 20480 205 20736 205 20992 205 21248 205 21504 205 21760 206 22016 206 22272 206 22528 207 22784 207 23040 207 23296 207 23552 208 23808 208 24064 209 24320 209 24576 209 24832 210 25088 210 25344 210 25578 2 25600 210 25833 4 25856 211 26089 4 26112 211 26345 5 26368 211 26601 5 26624 212 26857 5 26880 212 27113 6 27136 212 27370 5 27392 212 27626 5 27648 212 27883 4 27904 212 28139 4 28160 213 28397 1 28416 213 28672 213 28928 213 29184 213 29440 213 29696 213 29952 214 30208 214 30464 214 30720 215 30976 215 31232 215 31488 216 31744 216 32000 216 32256 217 32512 217 32768 218 33024 218 33280 219 33536 219 33792 220 34048 220 34304 221 34560 221 34806 1 34816 222 35061 3 35072 222 35317 4 35328 222 35573 4 35584 223 35828 6 35840 223 36084 6 36096 223 36340 6 36352 223 36596 6 36608 223 36852 7 36864 223 37108 7 37120 224 37364 7 37376 224 37620 7 37632 224 37876 7 37888 225 38132 7 38144 225 38388 8 38400 225 38644 8 38656 225 38901 7 38912 225 39157 7 39168 226 39413 7 39424 226 39669 7 39680 226 39926 6 39936 226 40182 6 40192 226 40438 6 40448 226 40694 6 40704 226 40951 5 40960 226 41207 5 41216 227 41463 5 41472 227 41720 4 41728 227 41976 4 41984 227 42232 4 42240 228 42489 3 42496 228 42745 3 42752 228 43001 3 43008 229 43258 2 43264 229 43514 2 43520 229 43770 2 43776 229 44027 1 44032 229 44283 1 44288 230 44539 1 44544 230 44795 1 44800 230 45056 230 45312 230 45568 231 45824 231 46080 231 46336 232 46592 232 46848 232 47104 233 47360 233 47616 233 47872 233 48128 234 48384 234 48640 234 48896 234 49152 235 49408 235 49664 235 49920 235 50176 236 50432 236 50688 236 50941 1 50944 237 51197 1 51200 237 51453 1 51456 238 51708 2 51712 238 51964 2 51968 238 52220 2 52224 238 52476 2 52480 239 52732 2 52736 239 52988 2 52992 239 53244 2 53248 239 53500 2 53504 239 53756 2 53760 240 54012 3 54016 240 54268 3 54272 240 54524 3 54528 241 54780 3 54784 241 55036 3 55040 241 55292 3 55296 242 55548 3 55552 242 55804 3 55808 242 56060 3 56064 242 56316 3 56320 243 56572 3 56576 243 56827 4 56832 243 57083 4 57088 243 57339 4 57344 244 57595 4 57600 244 57851 4 57856 245 58107 4 58112 245 58363 250 58619 251 58875 251 59131 252 59387 252 59643 252 59898 254 60154 255 60410 5126
925045,0 65536
504868,0 65536
000018,0 4988 4989 255 5246 254 5502 254 5758 254 6015 249 6265 2 6272 248 6522 2 6529 251 6786 251 7043 251 7300 251 7557 251 7815 251 8072 251 8330 250 8587 250 8845 248 9102 247 9358 247 9614 248 9870 248 10125 249 10381 249 10636 250 10891 251 11146 252 11401 253 11657 253 11912 14392 26310 244 26569 239 26824 239 27080 238 27335 239 27591 239 27847 239 28102 241 28357 242 28613 243 28869 245 29124 248 29380 249 29636 250 29891 3832 33725 253 33982 252 34241 249 34498 248 34755 247 35011 247 35268 246 35524 246 35781 245 36038 244 36295 244 36551 244 36808 244 37065 243 37321 244 37578 243 37834 243 38089 244 38345 244 38600 246 38855 247 39106 254 39361 2367 41729 8766 50497 252 50753 2 50760 240 51003 4 51017 232 51274 229 51533 223 51790 219 52046 218 52303 216 52559 215 52816 213 53073 212 53329 212 53585 212 53841 211 54097 211 54352 212 54607 213 54857 220 55103 229 55353 236 55607 238 55862 240 56116 242 56371 243 56626 245 56881 246 57137 247 57393 247 57648 248 57903 250 58157 252 58412 253 58669 252 58926 251 59183 253 59438 255 59695 254 59951 251 60207 251 60461 1280 61743 253 62000 252 62256 253 62512 253 62768 254 63024 1535 64563 251 64820 248 65077 248 65333 203
435772,0 65536
000039,0 65536
252446,0 47850 47857 244 48115 240 48371 238 48628 235 48884 230 49140 11 49152 215 49396 11 49408 214 49652 11 49664 212 49908 11 49920 210 50164 11 50176 208 50420 11 50432 205 50676 11 50688 202 50932 11 50944 199 51188 10 51200 198 51444 10 51456 195 51700 10 51712 192 51957 8 51968 190 52213 7 52224 189 52470 5 52480 188 52727 3 52736 186 52992 184 53248 182 53504 179 53760 177 54016 172 54272 170 54528 168 54774 2 54784 167 55029 4 55040 165 55284 5 55296 163 55539 7 55552 161 55794 8 55808 159 56050 8 56064 155 56305 9 56320 152 56560 10 56576 149 56815 11 56832 147 57071 11 57088 145 57326 12 57344 143 57582 12 57600 140 57838 12 57856 137 58094 12 58112 133 58350 12 58368 129 58606 12 58624 126 58862 12 58880 124 59118 12 59136 121 59374 12 59392 120 59630 12 59648 118 59886 12 59904 116 60142 12 60160 115 60398 12 60416 114 60655 11 60672 112 60911 11 60928 110 61168 10 61184 106 61424 10 61440 104 61681 9 61696 102 61938 8 61952 100 62194 8 62208 98 62451 7 62464 96 62707 6 62720 95 62963 6 62976 95 63219 6 63232 94 63476 5 63488 95 63733 4 63744 96 63990 2 64000 98 64256 99 64512 94 64768 88 65024 83 65280 76
799155,0 65536
980103,0 65536
797883,0 65536
623676,0 65536
567096,0 65536
000083,0 65536
106940,0 65536
000087,0 65536
677723,0 65536
000013,0 65536
191621,0 65536
000055,0 65536
614290,1526 2 1769 16 2022 19 2278 19 2537 16 4599 3 4854 6 5109 7 5365 8 5621 8 5877 9 6133 9 6389 9 6646 8 6903 7 7160 7 7417 6 7673 6 7930 5 8186 5 8443 4 8699 4 8955 4 9211 4 9467 4 9723 4 9979 4 10236 3 10492 3 10748 3 11004 3 11260 3 11515 4 11771 4 12027 4 12282 6 12538 6 12793 7 13049 7 13304 8 13559 9 13813 11 14067 13 14321 15 14574 18 14828 20 15081 23 15335 25 15588 28 15841 31 16088 40 16336 48 16587 53 16841 55 17094 58 17348 60 17603 61 17857 63 18111 65 18364 68 18615 73 18864 80 19116 84 19369 87 19623 89 19876 92 20129 95 20381 99 20634 102 20885 107 21137 111 21390 114 21643 117 21895 121 22145 127 22397 131 22649 135 22903 137 23156 140 23410 142 23661 147 23912 152 24164 156 24417 159 24670 162 24922 166 25173 171 25425 175 25678 178 25932 180 26186 182 26441 183 26695 185 26950 186 27203 189 27454 194 27705 199 27956 204 28204 212 28455 217 28708 220 28961 223 29214 226 29441 1 29466 230 29697 2 29720 232 29953 2 29974 237 30228 239 30483 241 30737 243 30991 246 31246 34290
000095,0 65536
489967,0 65536
830714,0 65536
609763,0 65536
982804,0 65536
000038,0 65536
470274,0 65536
243578,12023 1 12278 2 12533 4 12788 5 13043 6 13297 8 13552 9 13806 11 14061 12 14317 12 14573 12 14828 13 15084 13 15341 4 15347 6 15597 3 15605 4 15853 1 15861 4 16117 4 16373 4 16629 4 16886 3 17142 3 17399 1 18168 1 18423 3 18678 6 18933 8 19189 8 19444 10 19700 10 19957 9 20213 10 20470 9 20727 8 20984 7 21240 7 21497 6 21753 6 22009 6 22266 5 22522 5 22778 5 23034 5 23291 4 23547 4 23803 4 24059 4 24315 4 24571 4 24827 4 25083 4 25338 5 25594 5 25850 6 26105 7 26360 8 26615 9 26870 10 27125 11 27379 13 27633 15 27888 16 28141 19 28395 21 28650 22 28904 24 29158 26 29411 29 29665 31 29919 33 30173 35 30426 38 30679 41 30932 44 31185 47 31438 50 31691 53 31944 56 32197 59 32450 62 32703 65 32957 67 33210 70 33463 73 33716 76 33970 78 34223 81 34475 85 34728 88 34981 91 35234 94 35487 97 35740 100 35993 103 36246 106 36499 109 36752 112 37005 115 37258 118 37511 121 37764 124 38017 127 38271 129 38524 132 38777 135 39030 138 39283 141 39536 144 39788 148 40042 150 40295 153 40548 156 40801 159 41054 162 41308 164 41560 168 41813 171 42066 174 42319 177 42572 180 42825 183 43078 186 43331 189 43584 192 43837 195 44090 198 44343 201 44597 203 44850 206 45103 209 45356 212 45609 215 45862 218 46081 1 46115 221 46337 2 46368 224 46593 2 46621 230 46874 233 47127 237 47379 241 47632 245 47885 248 48139 17397
000003,0 65536
295041,0 65536
000079,0 20263 20264 252 20524 247 20783 242 21039 241 21296 241 21553 240 21809 241 22066 241 22322 242 22577 244 22833 245 23089 246 23345 247 23601 253 23856 625 24482 254 24741 244 24998 243 25258 238 25514 238 25768 239 26023 240 26278 240 26533 241 26789 241 27044 242 27300 242 27555 243 27810 244 28066 244 28322 243 28578 243 28834 244 29090 244 29345 245 29602 244 29859 242 30114 244 30370 244 30625 246 30881 246 31136 247 31391 248 31646 249 31898 252 32153 253 32407 12551 44959 254 45216 254 45472 20064
614416,0 65536
715702,0 65536
664566,0 65536
126135,0 65536
432339,0 65536
867180,0 65536
000068,0 65536
000023,0 6491 6494 248 6755 241 7015 235 7272 234 7530 232 7787 232 8044 226 8273 3 8300 225 8529 7 8557 224 8785 15 8813 224 9040 19 9070 221 9293 26 9326 220 9549 28 9582 220 9805 30 9837 220 10060 253 10316 254 10571 1102 11676 252 11932 251 12189 251 12444 253 12698 15563 28264 252 28521 253 28777 254 29032 36504
417960,0 65536
995278,0 31472 31476 250 31733 242 31990 233 32246 228 32502 226 32758 224 33014 223 33270 9 33280 212 33526 9 33536 211 33782 9 33792 196 33989 13 34038 9 34048 195 34245 12 34294 9 34304 208 34549 10 34560 207 34805 10 34816 207 35061 9 35072 206 35317 9 35328 197 35526 8 35573 9 35584 205 35829 9 35840 205 36085 8 36096 203 36342 6 36352 199 36600 1 36608 198 36864 194 37120 190 37376 189 37576 4 37632 186 37831 6 37888 183 38087 6 38144 179 38343 5 38400 175 38599 5 38656 169 38855 5 38912 149 39066 6 39110 5 39168 145 39366 3 39424 144 39680 142 39926 2 39936 141 40181 4 40192 141 40436 5 40448 141 40691 6 40704 141 40946 8 40960 141 41201 9 41216 140 41455 11 41472 139 41710 12 41728 138 41965 13 41984 136 42220 14 42240 134 42476 14 42496 132 42732 14 42752 129 42987 15 43008 127 43243 15 43264 125 43499 15 43520 123 43755 15 43776 120 44011 15 44032 118 44267 15 44288 115 44523 15 44544 113 44779 15 44800 110 45036 14 45056 108 45292 14 45312 105 45548 14 45568 104 45804 14 45824 102 46061 13 46080 100 46317 13 46336 98 46574 12 46592 95 46831 10 46848 92 47088 9 47104 88 47345 8 47360 85 47602 7 47616 84 47859 6 47872 82 48116 4 48128 81 48373 3 48384 80 48640 79 48896 78 49152 77 49408 76 49664 75 49920 74 50176 72 50432 69 50688 67 50944 65 51200 62 51456 58 51712 56 51968 52 52224 49 52480 48 52736 46 52992 44 53248 40 53504 38 53760 37 54016 35 54272 33 54528 31 54784 29 55040 26 55296 21 55552 17 55808 13 56065 4 56321 2 56578 1
490941,0 65536
192744,0 65536
891930,46 4 69 187 299 15 320 192 553 215 807 217 1062 21 1091 189 1317 20 1351 185 1573 18 1610 182 1829 17 1867 181 2086 15 2124 180 2342 14 2380 180 2599 12 2636 180 2855 12 2893 179 3112 10 3149 179 3368 10 3405 179 3624 10 3662 178 3879 11 3917 179 4135 11 4173 179 4391 11 4430 178 4646 13 4686 178 4902 13 4943 177 5158 13 5199 177 5415 11 5455 177 5672 10 5711 177 5929 8 5968 176 6186 6 6224 176 6444 2 6481 175 6737 175 6994 174 7250 174 7506 174 7763 173 8020 172 8276 172 8532 172 8788 172 9044 172 9301 171 9557 171 9814 170 10070 170 10326 170 10582 170 10839 169 11095 169 11351 169 11608 168 11864 168 12120 168 12376 168 12633 167 12889 167 13145 167 13402 166 13658 166 13915 165 14171 165 14427 165 14684 164 14940 164 15196 164 15453 163 15708 164 15965 163 16221 163 16478 162 16734 162 16990 162 17247 161 17503 161 17760 160 18016 160 18272 160 18529 159 18785 159 19042 158 19298 158 19555 157 19811 157 20067 157 20324 156 20580 156 20836 156 21093 155 21349 155 21606 154 21862 154 22118 154 22374 154 22630 154 22887 153 23143 153 23399 153 23656 152 23912 152 24168 152 24424 152 24681 151 24937 151 25194 150 25450 150 25706 150 25962 150 26218 150 26474 150 26730 150 26987 149 27243 149 27499 149 27755 149 28012 148 28268 148 28524 148 28780 148 29037 147 29293 147 29549 147 29805 147 30062 146 30318 146 30575 145 30831 145 31087 145 31344 144 31600 144 31856 144 32113 143 32369 143 32625 143 32881 143 33138 142 33394 142 33651 141 33907 141 34163 141 34419 141 34676 140 34932 140 35188 140 35445 139 35701 139 35957 139 36213 139 36470 138 36726 138 36982 138 37239 137 37495 137 37751 137 38007 137 38264 136 38520 136 38776 136 39033 135 39289 135 39545 135 39801 135 40058 134 40314 134 40570 134 40827 133 41083 133 41339 133 41596 132 41852 132 42108 132 42364 132 42620 132 42877 131 43133 131 43390 130 43646 130 43902 130 44159 129 44415 129 44671 129 44928 128 45184 128 45441 127 45697 127 45953 127 46210 126 46466 126 46722 126 46978 126 47235 125 47491 125 47747 125 48003 125 48260 124 48516 124 48772 124 49029 123 49285 123 49541 123 49797 123 50054 122 50310 122 50566 122 50823 121 51079 121 51335 121 51591 121 51848 120 52104 120 52360 120 52616 120 52873 119 53129 119 53386 118 53642 118 53898 118 54155 117 54411 117 54667 117 54924 116 55180 116 55436 116 55693 115 55949 115 56205 115 56461 115 56718 114 56974 114 57230 114 57487 113 57743 113 57999 113 58255 113 58512 112 58768 112 59024 112 59281 111 59537 111 59793 111 60049 111 60306 110 60562 110 60818 110 61074 110 61331 109 61587 109 61843 109 62100 108 62356 108 62612 108 62867 109 63123 109 63379 109 63635 109 63891 109 64147 109 64403 109 64658 110 64915 109 65171 109 65428 108
000078,0 65536
250616,0 65536
399102,0 65536
000007,0 65536
500314,0 65536
000027,0 7371 7373 251 7629 250 7892 243 8150 241 8407 240 8664 239 8921 238 9177 238 9434 238 9690 239 9947 238 10204 238 10462 237 10718 239 10973 241 11229 242 11484 244 11740 245 11996 246 12252 247 12508 249 12763 251 13016 52520
822622,234 22 481 31 733 35 992 32 1253 27 1511 25 1767 25 2023 25 2278 26 2532 28 2786 30 3039 33 3290 38 3542 42 3794 46 4046 50 4299 53 4552 56 4804 60 5056 64 5308 68 5560 72 5812 76 6064 80 6317 83 6570 86 6823 89 7075 93 7328 96 7579 101 7830 106 8082 110 8335 113 8588 116 8840 120 9092 124 9344 128 9596 132 9846 138 10097 143 10350 146 10602 150 10854 154 11107 157 11359 161 11611 165 11863 169 12115 173 12367 177 12620 180 12872 184 13124 188 13376 192 13628 196 13879 201 14131 205 14337 1 14382 210 14593 2 14635 213 14849 2 14887 220 15139 224 15391 229 15643 233 15895 238 16147 242 16400 246 16653 48883
990714,0 65536
000059,0 65536
000073,0 65536
246347,0 65536
283388,0 65536
000017,0 65536
580290,0 65536
373056,0 65536
000045,0 65536
000051,0 10374 10377 254 10633 254 10889 54647
000063,0 65536
000096,0 65536
000049,0 65536
892843,0 65536
494025,0 65536
521139,0 65536
972712,0 65536
332934,0 65536
000092,0 65536
000093,0 65536
000024,0 5295 5297 249 5553 249 5809 248 6065 249 6322 249 6578 31374 37955 252 38213 250 38469 103 38573 147 38725 102 38829 148 38981 100 39086 148 39238 98 39342 149 39494 97 39598 151 39751 1 39755 92 39854 152 40011 39 40055 49 40110 155 40268 36 40312 48 40368 153 40525 33 40569 47 40624 156 40781 33 40825 48 40880 157 41038 32 41081 48 41136 157 41294 31 41337 49 41392 156 41551 28 41593 49 41648 156 41807 28 41849 50 41905 155 42064 10 42075 17 42104 51 42160 157 42320 29 42360 51 42416 196 42615 52 42672 196 42871 53 42928 253 43184 254 43441 4875 48318 252 48575 252 48830 767 49599 1 49603 250 49860 249 50117 248 50374 248 50630 248 50885 250 51142 249 51398 251 51651 439 52093 252 52350 250 52607 248 52864 247 53121 245 53377 245 53633 245 53889 245 54146 244 54402 244 54658 244 54914 244 55169 245 55425 244 55680 245 55935 246 56191 245 56447 245 56703 245 56959 246 57215 246 57471 247 57727 246 57983 246 58239 246 58496 244 58752 243 59008 243 59264 242 59521 241 59777 240 60033 239 60290 238 60546 238 60802 239 61058 240 61314 241 61570 242 61825 245 62080 247 62334 255 62590 2946
607765,0 65536
268600,0 65536
000010,0 65536
907141,0 65536
000016,0 65536
000026,0 65536
000094,0 65536
650818,6 10 30 226 261 251 514 254 770 254 1026 20 1052 228 1282 17 1312 224 1538 16 1571 221 1794 15 1828 220 2050 15 2085 219 2306 14 2341 219 2562 13 2598 218 2818 13 2855 217 3075 11 3111 217 3332 10 3367 217 3588 10 3623 217 3844 9 3880 216 4101 8 4136 216 4357 9 4392 216 4613 9 4649 215 4869 9 4905 215 5125 8 5162 214 5381 8 5418 214 5637 8 5674 214 5894 7 5930 214 6150 6 6186 214 6406 6 6443 213 6663 5 6699 213 6919 5 6955 213 7175 4 7211 213 7432 3 7468 212 7688 3 7724 212 7944 3 7980 212 8201 1 8236 212 8457 1 8493 211 8749 211 9005 211 9261 211 9517 211 9774 210 10030 210 10286 210 10542 210 10799 209 11055 209 11311 209 11567 209 11823 209 12079 209 12336 208 12592 208 12848 208 13104 208 13361 207 13617 207 13873 207 14129 207 14385 207 14642 206 14898 206 15154 206 15410 206 15666 206 15923 205 16179 205 16435 205 16691 205 16947 205 17204 204 17460 204 17716 204 17972 204 18228 204 18485 203 18741 203 18997 203 19253 203 19509 203 19766 202 20022 202 20278 202 20534 202 20791 201 21047 201 21303 201 21559 201 21815 201 22072 200 22328 200 22584 200 22840 200 23096 200 23353 199 23609 199 23865 199 24121 199 24377 199 24634 198 24890 198 25146 198 25402 198 25659 197 25915 197 26171 197 26427 197 26683 197 26939 197 27196 196 27452 196 27708 196 27964 196 28221 195 28477 195 28733 195 28989 195 29245 195 29501 195 29758 194 30014 194 30270 194 30526 194 30783 193 31039 193 31295 193 31551 193 31807 193 32064 192 32320 192 32576 192 32832 192 33088 192 33345 191 33601 191 33857 191 34113 191 34369 191 34626 190 34882 190 35138 190 35394 190 35650 190 35907 189 36163 189 36419 189 36675 189 36931 189 37188 188 37444 188 37700 188 37956 188 38212 188 38469 187 38725 187 38981 187 39237 187 39493 187 39750 186 40006 186 40262 186 40518 186 40775 185 41031 185 41287 185 41543 185 41799 185 42056 184 42312 184 42568 184 42824 184 43081 183 43337 183 43593 183 43849 183 44105 183 44361 183 44618 182 44874 182 45130 182 45386 182 45643 181 45899 181 46155 181 46411 181 46667 181 46923 181 47180 180 47436 180 47692 180 47948 180 48205 179 48461 179 48717 179 48973 179 49229 179 49486 178 49742 178 49998 178 50254 178 50511 177 50767 177 51023 177 51279 177 51535 177 51792 176 52048 176 52304 176 52560 176 52816 176 53073 175 53329 175 53585 175 53841 175 54097 175 54354 174 54610 174 54866 174 55122 174 55378 174 55635 173 55891 173 56147 173 56403 173 56659 173 56916 172 57172 172 57428 172 57684 172 57940 172 58197 171 58453 171 58709 171 58965 171 59221 171 59478 170 59734 170 59990 170 60246 170 60502 170 60759 169 61015 169 61271 169 61527 169 61783 169 62039 169 62295 169 62513 6 62552 168 62767 10 62808 168 63022 12 63064 168 63277 14 63320 168 63533 15 63575 169 63790 14 63831 169 64049 11 64086 170 64308 7 64342 170 64597 171 64853 171 65109 171 65366 170
966384,0 65536
304629,0 65536
844747,0 36352 36353 255 36609 255 36865 255 37121 255 37377 255 37633 2 37637 251 37889 2 37893 251 38145 2 38149 251 38402 1 38406 250 38658 1 38662 250 38914 1 38918 250 39170 1 39174 250 39425 2 39430 250 39681 2 39687 249 39937 2 39943 249 40193 2 40199 249 40449 2 40456 248 40705 2 40712 248 40961 2 40968 248 41217 2 41224 248 41473 2 41481 247 41729 2 41737 247 41985 2 41993 247 42241 2 42250 246 42497 2 42506 246 42754 1 42762 246 43010 1 43018 246 43274 246 43531 245 43787 245 44043 245 44300 244 44556 244 44812 244 45069 243 45325 243 45581 243 45837 243 46094 242 46350 242 46606 242 46862 242 47118 242 47375 241 47631 241 47887 241 48144 240 48399 241 48655 241 48912 240 49168 240 49424 240 49681 239 49937 239 50193 239 50450 238 50706 238 50962 238 51219 237 51475 237 51732 236 51988 236 52244 236 52501 235 52757 235 53014 234 53270 234 53526 234 53783 233 54039 233 54295 233 54551 233 54808 232 55064 232 55320 232 55576 232 55833 231 56089 231 56345 231 56602 230 56858 230 57114 230 57371 229 57627 229 57883 229 58139 229 58395 229 58652 228 58908 228 59164 228 59421 227 59677 227 59933 227 60190 226 60446 226 60702 226 60959 225 61215 225 61471 225 61727 225 61984 224 62240 224 62496 224 62752 224 63008 224 63263 225 63519 225 63774 226 64030 226 64286 226 64542 226 64798 226 65054 226 65311 225
280079,0 65536
000064,0 65536
000062,0 65536
000077,0 166 169 1275 1447 252 1706 249 1962 249 2219 248 2475 248 2731 249 2987 3510 6501 251 6757 250 7013 249 7270 248 7526 247 7782 247 8039 245 8295 244 8551 244 8808 243 9065 124 9193 114 9321 124 9449 114 9577 123 9706 113 9833 119 9954 1 9962 114 10090 117 10218 115 10346 116 10474 116 10602 115 10730 117 10858 115 10985 122 11113 115 11241 126 11368 115 11496 242 11752 241 12008 240 12263 240 12519 239 12775 238 13030 238 13286 237 13542 236 13797 237 14052 237 14307 234 14542 3 14562 234 14799 1 14817 234 15072 234 15327 235 15583 232 15838 230 16093 35 16129 194 16349 35 16389 189 16604 36 16647 181 16831 3 16859 37 16904 180 17113 39 17162 1 17174 166 17369 39 17431 165 17624 40 17688 162 17879 41 17945 159 18134 42 18202 157 18390 42 18459 153 18645 43 18716 151 18892 3 18901 43 18945 2 18973 149 19148 4 19157 43 19201 2 19232 2 19235 142 19403 6 19412 44 19457 2 19491 142 19656 60 19748 140 19912 60 20004 140 20168 60 20261 139 20424 61 20519 137 20681 61 20775 134 20910 3 20939 60 21031 133 21166 3 21194 62 21288 132 21422 4 21450 64 21544 132 21677 6 21706 67 21800 141 21961 70 22056 143 22215 74 22311 145 22471 75 22567 147 22728 75 22823 150 22984 76 23080 151 23233 2 23240 79 23335 158 23495 90 23590 252 23844 120 23969 249 24226 247 24484 244 24741 242 24997 241 25253 241 25509 240 25766 239 26022 238 26277 238 26533 237 26788 238 27041 240 27296 240 27552 240 27808 238 28063 238 28319 236 28574 235 28830 234 29085 235 29341 234 29597 233 29853 233 30109 232 30365 232 30621 232 30877 232 31133 233 31389 232 31645 232 31901 232 32157 233 32412 234 32668 234 32923 235 33178 236 33433 109 33543 127 33689 103 33794 1 33801 125 33944 104 34059 123 34197 107 34317 121 34451 109 34573 121 34706 110 34829 121 34959 113 35085 121 35214 114 35338 124 35469 115 35593 1 35595 123 35725 115 35849 125 35980 116 36104 126 36235 117 36360 125 36490 118 36616 125 36744 120 36872 125 37000 120 37127 126 37255 121 37383 125 37511 121 37638 126 37766 122 37894 250 38149 251 38404 119 38528 128 38660 117 38786 126 38914 117 39042 126 39170 116 39298 126 39426 116 39554 126 39681 117 39809 127 39937 116 40064 245 40319 245 40574 245 40829 246 41084 247 41338 249 41593 251 41848 252 42104 252 42360 252 42614 2556 45173 252 45430 249 45687 246 45943 245 46199 244 46455 243 46711 242 46968 240 47224 238 47481 235 47738 232 47995 230 48252 228 48508 228 48765 228 49022 227 49278 226 49535 222 49792 217 50010 3 50049 214 50266 3 50306 212 50523 2 50562 211 50779 1 50819 209 51075 206 51282 1 51305 8 51332 207 51559 13 51588 206 51814 15 51845 206 52059 2 52068 18 52101 198 52300 8 52314 4 52322 21 52356 198 52557 8 52568 35 52612 198 52813 48 52867 198 53069 252 53325 252 53580 254 53835 11701
246195,0 65536
563999,0 65536
000008,0 166 192 238 443 499 956 68 1025 166 1215 65 1298 146 1473 63 1558 140 1731 61 1815 138 1988 60 2071 138 2245 59 2327 138 2501 59 2583 138 2758 58 2839 139 3014 58 3095 139 3269 59 3350 151 3522 62 3605 159 3775 65 3859 138 4000 96 4115 137 4255 97 4371 237 4627 237 4883 237 5139 237 5395 237 5651 237 5889 2 5907 241 6162 242 6417 245 6671 2435 9107 243 9364 240 9620 234 9877 227 10133 226 10390 223 10646 221 10901 220 11157 219 11413 219 11669 218 11925 217 12181 217 12437 217 12694 216 12950 218 13206 223 13463 231 13719 233 13975 236 14232 237 14488 238 14745 238 15001 239 15258 239 15514 240 15770 241 16026 242 16283 242 16539 242 16795 243 17051 243 17308 243 17564 243 17819 245 18075 245 18330 247 18584 249 18839 250 19094 252 19350 253 19605 15561 35170 249 35428 245 35684 243 35940 242 36196 242 36451 242 36707 241 36963 242 37218 243 37474 243 37729 245 37984 246 38239 249 38494 6395 44892 244 45151 240 45410 236 45668 233 45925 232 46181 231 46438 230 46694 230 46950 230 47206 231 47462 231 47718 231 47974 231 48230 124 48360 101 48487 120 48617 99 48743 118 48874 98 48998 116 49130 98 49253 114 49387 97 49508 114 49643 97 49761 115 49899 97 50016 115 50155 97 50271 115 50411 97 50527 114 50667 97 50782 115 50923 97 51038 115 51179 97 51293 116 51435 97 51547 119 51685 103 51802 120 51938 107 52058 122 52193 108 52313 124 52449 109 52569 124 52704 111 52824 126 52959 113 53079 127 53214 249 53470 250 53725 252 53980 11556
000022,0 51671 51673 2 51679 247 51937 244 52194 243 52450 243 52706 245 52961 246 53217 245 53467 252 53722 918 54641 520 55163 47 55216 200 55421 45 55471 197 55678 44 55726 6 55734 193 55934 53 55990 249 56240 3 56246 248 56497 2 56501 250 56752 3 56757 1021 57781 252 58036 254 58292 7244
000032,0 65536
652005,0 65536
000074,0 65536
000015,0 65536
227391,0 65536
000050,0 65536
460549,0 65536
000088,0 65536
798724,0 65536
144284,0 65536
695503,0 65536
000009,0 2379 2386 248 2645 246 2902 246 3156 1 3159 246 3411 3 3415 247 3668 2 3671 248 3928 248 4185 248 4440 250 4695 252 4950 1858 6811 253 7067 254 7324 254 7580 254 7835 972 8811 250 9069 248 9328 245 9584 246 9840 247 10097 246 10355 245 10612 245 10867 247 11122 249 11377 251 11633 252 11889 399 12289 255 12545 255 12801 255 13057 255 13314 254 13571 253 13827 253 14083 253 14338 254 14594 254 14850 254 15105 37 15144 216 15361 35 15401 250 15657 251 15913 254 16168 247 16417 253 16674 251 16930 250 17186 250 17442 249 17699 247 17955 247 18211 84 18298 1 18301 156 18467 83 18560 153 18724 81 18820 149 18980 80 19077 148 19236 80 19333 147 19492 79 19589 146 19749 77 19846 145 20006 75 20102 144 20262 75 20359 143 20518 74 20616 141 20774 74 20872 141 21030 74 21128 141 21286 73 21384 140 21542 73 21640 140 21798 72 21895 141 22054 71 22151 141 22310 71 22408 140 22566 71 22664 140 22822 71 22920 140 23078 72 23177 139 23334 72 23433 140 23589 74 23687 142 23845 75 23943 142 24101 76 24200 142 24357 77 24457 142 24613 78 24713 142 24868 80 24969 142 25124 81 25225 143 25379 83 25481 144 25635 85 25737 145 25890 88 25993 147 26144 92 26249 245 26504 5807 32314 249 32574 243 32832 237 33089 236 33345 236 33602 234 33859 233 34115 233 34371 233 34628 232 34884 232 35140 232 35396 233 35652 233 35908 233 36164 233 36420 233 36676 99 36778 131 36932 99 37035 130 37188 99 37291 130 37445 99 37548 128 37701 99 37803 129 37957 231 38212 108 38321 123 38468 102 38572 128 38724 102 38828 128 38980 232 39236 232 39493 231 39749 231 40006 230 40263 229 40519 228 40776 227 41032 227 41288 227 41545 226 41801 226 42057 226 42313 226 42569 226 42825 183 43009 42 43082 182 43265 43 43338 182 43522 42 43592 184 43779 41 43846 186 44035 42 44099 189 44292 42 44354 190 44549 42 44610 190 44805 49 44865 191 45062 50 45120 192 45314 1 45319 51 45375 193 45570 1 45575 52 45630 194 45825 3 45832 248 46081 3 46088 253 46343 3463 49807 255 50064 10 50078 239 50321 9 50335 238 50579 6 50591 239 50836 4 50847 240 51092 3 51103 240 51348 3 51360 239 51604 4 51616 239 51860 5 51872 249 52130 1 52132 246 52393 241 52649 242 52906 242 53162 242 53418 243 53674 157 53838 80 53931 155 54096 78 54187 155 54354 77 54444 153 54613 74 54700 153 54871 73 54957 153 55127 73 55213 153 55384 73 55469 153 55640 75 55725 153 55896 77 55981 154 56152 78 56237 157 56408 79 56492 159 56664 245 56920 246 57176 247 57431 250 57686 1450 59137 255 59394 254 59653 251 59910 250 60167 249 60424 248 60681 247 60937 247 61193 247 61449 247 61705 247 61961 247 62216 248 62471 249 62725 251 62980 252 63235 253 63490 254 63746 254 64002 254 64258 254 64514 254 64770 254 65028 252 65282 1 65284 252
938416,0 65536
000061,0 65536
196973,0 65536
672675,0 65536
798199,0 65536
000040,0 65536
567220, 
398196,0 65536
260940,0 65536
126000,0 65536
842508,107 5 133 123 360 14 382 130 614 154 868 156 1123 21 1154 126 1378 20 1414 122 1634 18 1671 121 1890 18 1928 120 2146 17 2184 120 2403 15 2440 120 2659 15 2697 119 2916 13 2953 119 3172 13 3209 119 3428 13 3465 119 3684 12 3722 118 3940 12 3978 118 4196 12 4234 118 4451 14 4490 118 4707 14 4746 118 4963 14 5003 117 5219 13 5259 117 5476 12 5515 117 5732 12 5771 117 5989 11 6027 117 6246 9 6284 116 6503 8 6540 116 6760 6 6796 116 7017 4 7052 116 7309 115 7565 115 7821 115 8077 115 8334 114 8590 114 8846 114 9102 114 9359 113 9615 113 9871 113 10127 113 10384 112 10640 112 10896 112 11153 111 11409 111 11665 111 11921 111 12178 110 12434 110 12690 110 12946 110 13203 109 13459 109 13715 109 13971 109 14227 109 14484 108 14740 108 14964 2 14996 108 15220 3 15252 108 15475 4 15508 108 15731 5 15764 108 15987 5 16020 108 16243 5 16276 108 16499 6 16532 108 16755 6 16788 108 17011 6 17044 108 17267 6 17301 107 17523 6 17557 107 17780 5 17813 107 18036 5 18069 107 18292 5 18325 107 18548 5 18582 106 18805 3 18838 106 19061 3 19094 106 19317 3 19350 106 19606 106 19863 105 20119 105 20375 105 20632 104 20888 104 21144 104 21400 104 21657 103 21913 103 22169 103 22425 103 22681 103 22938 102 23194 102 23450 102 23706 102 23962 102 24219 101 24475 101 24731 101 24987 101 25244 100 25500 100 25756 100 26012 100 26269 99 26525 99 26781 99 27037 99 27294 98 27550 98 27806 98 28062 98 28319 97 28575 97 28831 97 29087 97 29343 97 29600 96 29856 96 30112 96 30368 96 30625 95 30881 95 31137 95 31393 95 31650 94 31906 94 32162 94 32418 94 32674 94 32931 93 33187 93 33443 93 33699 93 33956 92 34212 92 34468 92 34724 92 34980 92 35237 91 35493 91 35749 91 36005 91 36262 90 36518 90 36774 90 37031 89 37287 89 37543 89 37799 89 38055 89 38312 88 38568 88 38824 88 39080 88 39337 87 39593 87 39849 87 40105 87 40361 87 40618 86 40874 86 41130 86 41386 86 41642 86 41898 86 42154 86 42411 85 42667 85 42923 85 43179 85 43435 85 43691 85 43948 84 44204 84 44460 84 44716 84 44973 83 45229 83 45485 83 45741 83 45998 82 46254 82 46510 82 46766 82 47023 81 47279 81 47535 81 47791 81 48047 81 48304 80 48560 80 48816 80 49072 80 49329 79 49585 79 49841 79 50097 79 50353 79 50609 79 50866 78 51122 78 51378 78 51635 77 51891 77 52147 77 52403 77 52660 76 52916 76 53172 76 53428 76 53685 75 53941 75 54197 75 54453 75 54709 75 54966 74 55222 74 55478 74 55734 74 55991 73 56247 73 56503 73 56759 73 57016 72 57272 72 57528 72 57784 72 58041 71 58297 71 58553 71 58809 71 59065 71 59321 71 59577 71 59834 70 60090 70 60346 70 60602 70 60858 70 61114 70 61371 69 61627 69 61883 69 62139 69 62395 69 62616 5 62651 69 62870 8 62908 68 63125 10 63164 68 63380 11 63420 68 63636 12 63676 68 63893 10 63933 67 64151 7 64189 67 64444 68 64700 68 64956 68 65212 68 65469 67
732471, 
874368,0 65536
291134,0 65536
659565,0 65536
578073,0 65536
143150,0 65536
000069,0 65536
398477, 
303895,0 36096 36097 255 36353 255 36609 2 36617 247 36877 243 37137 239 37397 235 37657 231 37917 227 38178 222 38438 218 38698 214 38958 210 39220 204 39480 200 39740 196 40001 191 40262 186 40523 181 40783 177 41043 173 41305 167 41566 162 41826 158 42087 153 42347 149 42608 144 42868 140 43128 136 43389 131 43649 127 43909 123 44169 119 44430 114 44690 110 44951 105 45211 101 45473 95 45734 90 45995 85 46254 82 46515 77 46776 72 47037 67 47297 63 47558 58 47819 53 48079 49 48339 45 48599 41 48860 36 49120 32 49379 29 49638 26 49896 24 50155 21 50413 19 50672 16 50930 14 51187 13 51444 12 51701 11 51957 11 52214 10 52470 10 52726 10 52982 10 53238 10 53494 10 53750 10 54006 10 54262 10 54518 10 54774 9 55030 9 55286 9 55542 9 55797 10 56053 10 56309 9 56566 8 56822 8 57079 6 57335 4 58870 3 59124 6 59380 6 59635 7 59890 9 60145 10 60401 10 60656 11 60912 11 61168 11 61424 11 61680 11 61936 11 62193 10 62449 10 62706 9 62962 9 63219 8 63475 8 63732 7 63989 5 64245 5 64503 2
787614,0 65536
675111,0 188 256 192 456 14 512 217 768 194 963 22 1024 190 1225 16 1280 189 1485 12 1536 189 1743 10 1792 188 2000 9 2048 188 2256 9 2304 188 2513 8 2560 189 2769 8 2816 189 3025 8 3072 189 3281 8 3328 189 3537 8 3584 189 3793 8 3840 189 4049 8 4096 189 4305 8 4352 189 4562 7 4608 190 4818 7 4864 190 5074 7 5120 190 5331 6 5376 190 5587 6 5632 190 5844 5 5888 190 6100 5 6144 190 6357 4 6400 190 6613 5 6656 190 6869 5 6912 191 7126 4 7168 191 7382 4 7424 191 7638 5 7680 191 7895 4 7936 191 8151 4 8192 192 8407 5 8448 192 8663 5 8704 192 8920 4 8960 192 9176 4 9216 192 9432 4 9472 192 9689 3 9728 193 9945 3 9984 193 10202 2 10240 193 10458 2 10496 193 10715 1 10752 193 11008 193 11264 193 11520 194 11776 194 12032 194 12288 194 12544 195 12800 195 13056 195 13312 196 13568 196 13824 196 14080 197 14336 197 14592 197 14848 198 15104 198 15360 198 15584 1 15616 199 15839 3 15872 199 16095 4 16128 200 16351 4 16384 200 16607 5 16640 201 16863 6 16896 201 17119 6 17152 202 17375 7 17408 202 17630 8 17664 202 17886 9 17920 203 18142 9 18176 203 18398 10 18432 203 18654 10 18688 203 18910 10 18944 204 19166 11 19200 204 19422 11 19456 204 19678 11 19712 204 19933 12 19968 204 20189 13 20224 205 20445 13 20480 205 20701 13 20736 205 20957 13 20992 205 21213 13 21248 205 21469 13 21504 205 21725 13 21760 205 21981 13 22016 206 22237 13 22272 206 22493 13 22528 206 22750 12 22784 206 23006 12 23040 205 23262 12 23296 205 23518 12 23552 205 23775 11 23808 205 24031 11 24064 205 24287 11 24320 205 24544 10 24576 205 24800 10 24832 205 25056 10 25088 205 25313 9 25344 206 25569 9 25600 206 25826 7 25856 206 26082 7 26112 206 26339 6 26368 206 26596 4 26624 206 26852 4 26880 206 27109 3 27136 206 27392 207 27648 207 27904 207 28160 207 28416 208 28672 208 28928 208 29184 208 29440 209 29696 209 29952 209 30208 210 30464 210 30720 211 30976 211 31232 212 31488 212 31744 212 32000 213 32256 213 32512 213 32746 2 32768 213 33002 3 33024 213 33258 3 33280 213 33514 3 33536 213 33770 4 33792 213 34027 3 34048 213 34283 3 34304 213 34539 3 34560 213 34796 3 34816 213 35052 2 35072 214 35309 1 35328 214 35584 214 35840 214 36096 214 36352 214 36608 214 36864 214 37120 215 37376 215 37632 215 37888 215 38144 216 38400 216 38656 216 38912 217 39168 217 39424 217 39680 218 39936 218 40192 219 40448 219 40704 219 40960 220 41216 220 41472 221 41718 2 41728 221 41973 3 41984 221 42229 4 42240 222 42485 4 42496 222 42741 4 42752 223 42997 5 43008 223 43253 5 43264 223 43509 5 43520 223 43765 5 43776 224 44021 6 44032 224 44277 6 44288 224 44533 6 44544 225 44789 6 44800 225 45045 6 45056 225 45301 7 45312 226 45557 7 45568 226 45813 7 45824 226 46069 7 46080 227 46325 7 46336 227 46581 7 46592 227 46837 8 46848 227 47093 8 47104 227 47349 8 47360 227 47605 8 47616 227 47861 8 47872 228 48117 8 48128 228 48374 7 48384 228 48630 7 48640 228 48886 7 48896 228 49142 7 49152 228 49398 7 49408 229 49654 7 49664 229 49910 7 49920 229 50166 7 50176 229 50422 7 50432 229 50678 7 50688 229 50934 8 50944 230 51191 7 51200 230 51447 7 51456 230 51703 7 51712 230 51959 7 51968 230 52215 7 52224 229 52472 6 52480 229 52728 5 52736 229 52984 5 52992 230 53240 5 53248 230 53496 5 53504 230 53753 4 53760 230 54009 4 54016 230 54265 4 54272 230 54522 3 54528 230 54778 3 54784 230 55034 3 55040 230 55290 3 55296 231 55547 2 55552 231 55803 2 55808 231 56059 2 56064 231 56315 2 56320 231 56571 2 56576 231 56828 1 56832 231 57084 1 57088 232 57340 1 57344 232 57596 1 57600 232 57852 1 57856 232 58108 1 58112 233 58364 2 58368 233 58620 2 58624 233 58876 2 58880 234 59133 1 59136 234 59389 1 59392 234 59645 1 59648 235 59901 1 59904 235 60157 1 60160 235 60413 1 60416 236 60668 2 60672 236 60924 2 60928 237 61180 2 61184 237 61436 3 61440 238 61692 3 61696 238 61948 3 61952 239 62203 4 62208 239 62459 4 62464 240 62715 4 62720 241 62970 248 63226 249 63481 251 63736 1800
000028,0 65536
416662,0 65536
000060,0 65536
191853,0 65536
000099,0 34577 34581 252 34838 253 35093 507 35602 253 35859 253 36115 253 36370 7231 43602 252 43861 247 44119 243 44376 241 44633 240 44889 238 45145 235 45402 234 45658 234 45914 233 46170 232 46425 233 46680 234 46935 236 47191 237 47446 241 47701 243 47956 246 48212 248 48467 251 48722 16814
666091,0 1536 1537 255 1793 4 1802 246 2049 3 2059 245 2305 2 2315 245 2572 244 2828 244 3085 243 3341 243 3598 242 3854 242 4110 242 4367 241 4623 241 4879 241 5136 240 5392 240 5648 240 5905 239 6161 239 6417 239 6673 239 6930 238 7186 238 7442 238 7698 238 7955 237 8211 237 8467 237 8723 237 8979 237 9236 236 9492 236 9748 236 10005 235 10261 235 10517 235 10773 235 11029 235 11286 234 11542 234 11798 234 12055 233 12311 233 12567 233 12823 233 13080 232 13336 232 13592 232 13849 231 14105 231 14361 231 14617 231 14874 230 15130 230 15386 230 15642 230 15899 229 16155 229 16411 229 16667 229 16924 228 17180 228 17436 228 17692 228 17948 228 18205 227 18461 227 18717 227 18973 227 19230 226 19486 226 19742 226 19999 225 20255 225 20511 225 20768 224 21024 224 21280 224 21536 224 21792 224 22049 223 22305 223 22561 223 22817 223 23073 223 23330 222 23586 222 23842 222 24099 221 24355 221 24611 221 24867 221 25124 220 25380 220 25636 220 25892 220 26149 219 26405 219 26661 219 26917 219 27173 219 27430 218 27686 218 27942 218 28199 217 28455 217 28711 217 28967 217 29223 217 29480 216 29736 216 29992 216 30249 215 30505 215 30761 215 31017 215 31274 214 31530 214 31786 214 32042 214 32298 214 32555 213 32811 213 33067 213 33323 213 33579 213 33836 212 34092 212 34348 212 34604 212 34861 211 35117 211 35373 211 35630 210 35886 210 36142 210 36399 209 36655 209 36911 209 37167 209 37424 208 37680 208 37936 208 38193 207 38449 207 38705 207 38961 207 39218 206 39474 206 39730 206 39986 206 40243 205 40499 205 40755 205 41011 205 41268 204 41524 204 41780 204 42036 204 42293 203 42549 203 42805 203 43061 203 43317 203 43574 202 43830 202 44086 202 44342 202 44599 201 44855 201 45111 201 45367 201 45624 200 45880 200 46136 200 46392 200 46649 199 46905 199 47161 199 47417 199 47674 198 47930 198 48186 198 48443 197 48699 197 48955 197 49211 197 49467 197 49724 196 49980 196 50236 196 50492 196 50749 195 51005 195 51261 195 51517 195 51773 195 52030 194 52286 194 52542 194 52798 194 53055 193 53311 193 53567 193 53823 193 54080 192 54336 192 54592 192 54848 192 55105 191 55361 191 55617 191 55874 190 56130 190 56386 190 56642 190 56899 189 57155 189 57411 189 57667 189 57924 188 58180 188 58436 188 58692 188 58949 187 59205 187 59461 187 59717 187 59974 186 60230 186 60486 186 60743 185 60999 185 61255 185 61511 185 61767 185 62024 184 62280 184 62536 184 62792 184 63048 184 63304 184 63560 184 63816 184 64071 185 64327 185 64583 185 64839 185 65094 186 65352 184
566885,114 142 356 156 606 162 863 161 1124 156 1384 152 1639 153 1892 156 2144 160 2396 164 2649 167 2903 169 3157 171 3411 173 3664 176 3918 178 4169 183 4416 192 4665 199 4919 201 5174 202 5429 203 5684 204 5937 207 6190 210 6441 215 6693 219 6945 223 7169 1 7198 226 7425 2 7451 232 7703 237 7955 241 8207 246 8461 57075
846389,0 65536
570211,0 65536
927607,0 65536
000001,0 6683 6684 254 6941 253 7197 253 7453 253 7709 227 7937 25 7965 227 8193 25 8220 228 8449 255 8706 254 8962 254 9218 254 9474 254 9730 254 9985 255 10241 17 10259 237 10497 16 10515 237 10753 16 10771 9729 20502 252 20759 250 21017 248 21274 183 21461 59 21531 180 21718 57 21788 176 21974 42 22017 13 22046 173 22230 42 22273 13 22303 170 22486 42 22530 11 22560 168 22742 42 22786 10 22817 167 22998 42 23042 9 23073 166 23254 42 23298 7 23329 165 23509 43 23553 7 23585 164 23765 43 23809 8 23841 163 24021 43 24065 10 24097 163 24277 43 24321 15 24342 1 24353 163 24532 44 24577 16 24596 5 24609 162 24787 63 24851 7 24865 162 25043 71 25118 1 25121 161 25298 240 25554 239 25809 240 26065 239 26321 239 26577 239 26833 238 27089 238 27345 237 27601 236 27856 236 28112 236 28368 235 28624 89 28715 142 28880 89 28973 136 29136 89 29230 134 29392 90 29487 134 29648 90 29744 129 29904 91 30001 126 30161 91 30258 124 30417 95 30514 116 30633 4 30673 212 30890 2 30929 211 31146 2 31186 209 31443 206 31700 203 31957 121 32080 77 32214 119 32336 74 32470 119 32593 69 32727 117 32849 67 32934 2 32984 115 33105 66 33189 14 33240 115 33361 64 33444 19 33497 113 33617 63 33698 23 33753 112 33873 63 33953 26 34010 110 34129 65 34209 27 34266 110 34385 65 34464 30 34523 110 34641 66 34720 31 34780 110 34896 68 34976 33 35037 111 35152 69 35231 35 35294 185 35486 37 35551 135 35690 46 35741 39 35807 133 35950 88 36064 129 36211 84 36320 126 36472 81 36577 123 36730 80 36833 116 36987 80 37090 113 37243 82 37347 110 37499 83 37603 109 37754 85 37859 108 38010 85 38115 108 38265 87 38371 107 38520 89 38627 107 38775 91 38883 107 39030 93 39140 106 39285 95 39396 105 39540 97 39652 105 39796 97 39908 105 40051 99 40165 104 40307 100 40421 104 40562 102 40679 102 40818 102 40935 102 41073 104 41192 100 41328 106 41448 100 41583 107 41704 100 41838 109 41960 99 42072 10 42091 114 42216 99 42327 135 42470 101 42582 139 42725 101 42838 244 43094 244 43346 2 43349 245 43602 248 43857 248 44113 248 44368 248 44624 248 44880 247 45136 247 45391 128 45521 117 45647 126 45777 117 45903 124 46032 117 46159 123 46288 117 46415 121 46544 14 46562 99 46671 120 46799 10 46817 99 46927 119 47055 7 47073 100 47183 118 47311 5 47328 101 47440 116 47567 3 47584 102 47696 115 47840 103 47953 114 48096 104 48210 113 48351 106 48466 112 48607 106 48723 111 48862 107 48979 111 49117 108 49235 111 49373 109 49491 111 49627 112 49748 110 49881 115 50004 111 50137 115 50261 110 50392 116 50518 110 50648 116 50775 109 50903 117 51032 109 51158 119 51290 108 51409 2 51414 119 51548 108 51665 124 51806 108 51920 126 52063 239 52319 240 52575 240 52831 241 53087 241 53344 241 53600 241 53856 241 54113 240 54369 241 54626 240 54883 240 55140 84 55229 150 55396 82 55485 150 55653 80 55741 150 55909 80 55997 151 56169 76 56250 154 56428 232 56685 231 56942 230 57198 230 57455 229 57712 228 57969 227 58227 226 58484 226 58741 227 58998 228 59254 232 59511 234 59767 236 60023 239 60279 241 60535 243 60790 247 61045 4491
271746,0 65536
000019,0 65536
863998,1270 5 1524 9 1778 11 2034 12 2290 12 2548 10 2804 11 3061 10 3318 9 3575 8 3832 7 4089 6 4345 6 4602 5 4858 5 5115 4 5371 4 5627 4 5883 4 6139 4 6395 4 6651 4 6908 3 7164 3 7419 4 7675 4 7931 4 8187 4 8443 4 8699 4 8954 6 9209 7 9464 8 9718 10 9970 14 10222 18 10476 20 10729 23 10983 25 11236 28 11489 31 11741 35 11993 39 12246 42 12498 46 12749 51 13000 56 13249 63 13498 70 13751 73 14003 77 14255 81 14507 85 14759 89 15010 94 15260 100 15510 106 15762 110 16013 115 16265 119 16517 123 16769 127 17020 132 17272 136 17523 141 17774 146 18025 151 18277 155 18528 160 18779 165 19030 170 19281 175 19533 179 19784 184 20036 188 20288 192 20540 196 20791 201 20993 1 21043 205 21249 2 21294 213 21545 218 21797 223 22048 228 22298 235 22548 241 22800 247 23052 42484
719371,0 65536
000021,0 10077 10084 243 10346 231 10611 219 10871 211 11131 205 11391 198 11652 190 11910 184 12168 179 12426 174 12683 172 12941 168 13199 165 13456 163 13713 161 13969 160 14226 157 14483 155 14739 154 14996 152 15252 151 15508 151 15765 149 15977 8 16021 148 16229 16 16277 148 16483 21 16534 146 16739 23 16791 144 16994 26 17047 144 17249 28 17302 144 17504 30 17558 144 17759 32 17814 143 18014 34 18070 143 18269 36 18326 143 18524 38 18582 142 18780 39 18839 141 19035 41 19095 141 19291 41 19351 141 19546 43 19607 141 19801 45 19863 141 20057 46 20119 141 20312 48 20375 141 20557 59 20632 141 20811 62 20888 141 21066 63 21144 141 21321 65 21400 142 21577 66 21656 142 21832 67 21913 141 22087 69 22169 142 22342 71 22425 142 22598 72 22681 142 22854 73 22937 143 23109 76 23193 143 23365 77 23448 144 23620 80 23704 144 23876 82 23959 145 24132 228 24388 228 24643 229 24899 229 25155 230 25412 229 25668 229 25924 229 26180 229 26437 228 26694 227 26952 226 27209 225 27466 224 27725 221 27988 214 28244 214 28501 214 28757 214 29014 213 29270 213 29526 213 29782 214 30038 214 30294 214 30550 214 30806 215 31062 215 31318 216 31574 216 31830 217 32086 218 32343 217 32599 218 32855 219 33112 219 33368 220 33624 220 33881 220 34138 220 34395 220 34653 219 34910 218 35168 217 35424 217 35681 217 35939 215 36196 215 36454 213 36711 212 36968 212 37225 212 37482 211 37739 211 37997 210 38256 207 38515 205 38787 190 39043 191 39299 192 39554 194 39809 196 40064 198 40319 201 40573 204 40827 208 41081 211 41333 217 41587 221 41840 226 42094 231 42347 239 42596 1168 43768 252 44024 252 44280 1255 45538 252 45795 250 46051 250 46307 251 46560 9737 56298 253 56555 252 56811 251 57068 249 57326 247 57583 246 57839 246 58096 245 58352 245 58608 244 58864 244 59120 244 59375 245 59631 246 59887 246 60143 247 60398 249 60654 249 60909 251 61165 252 61420 4116
580255,0 65536
432006,0 65536
722180,0 246 249 6 256 1271 1528 254 1786 251 2043 250 2299 250 2555 251 2811 251 3067 251 3323 252 3579 252 3835 252 4091 252 4347 253 4602 254 4858 254 5114 255 5370 60166
602248,0 65536
000084,0 65536
000071,0 65536
000005,0 65536
000034,0 65536
863209,0 19435 19441 237 19699 232 19956 229 20212 225 20469 219 20725 215 20981 213 21237 209 21494 9 21504 193 21750 9 21760 189 22006 9 22016 186 22262 9 22272 183 22518 9 22528 178 22774 9 22784 174 23030 8 23040 171 23286 8 23296 168 23542 8 23552 160 23798 7 23808 156 24055 5 24064 154 24312 2 24320 150 24576 144 24832 141 25088 139 25344 136 25600 131 25856 127 26112 125 26368 122 26624 118 26869 4 26880 111 27124 5 27136 108 27379 7 27392 105 27634 8 27648 101 27890 8 27904 94 28145 9 28160 90 28400 10 28416 84 28656 10 28672 79 28912 11 28928 77 29168 11 29184 74 29424 11 29440 71 29680 11 29696 68 29936 11 29952 62 30192 11 30208 59 30448 11 30464 56 30704 11 30720 52 30961 9 30976 49 31217 9 31232 46 31473 9 31488 43 31730 8 31744 33 31986 8 32000 30 32242 8 32256 26 32499 7 32512 23 32755 7 32768 16 33011 7 33025 12 33268 6 33281 3 33524 6 33537 2 33780 6 34037 5 34293 4 34549 4 34806 3 35063 1
565798,0 65536
455136,0 65536
636405,0 65536
000057,0 65536
000072,0 65536
535798,0 65536
944809,0 65536
000058,0 65536
386606,0 65536
000035,0 10240 10241 255 10497 255 10753 255 11010 254 11266 254 11522 254 11778 254 12034 254 12290 10 12302 242 12546 10 12559 241 12802 9 12815 241 13058 9 13071 241 13314 9 13327 241 13570 9 13583 241 13825 10 13839 253 14094 11132 25229 242 25491 235 25749 233 25992 4 26013 226 26245 9 26273 240 26531 240 26790 238 27048 237 27308 234 27564 235 27822 234 28079 235 28336 236 28593 236 28849 238 29105 241 29361 243 29617 246 29872 35664
562305,0 55273 55281 245 55539 240 55796 236 56052 232 56308 229 56565 225 56821 223 57077 10 57088 210 57333 10 57344 208 57588 11 57600 206 57844 11 57856 204 58100 11 58112 202 58356 11 58368 199 58612 11 58624 195 58868 11 58880 192 59124 10 59136 189 59380 10 59392 187 59636 10 59648 185 59892 9 59904 184 60149 8 60160 182 60405 7 60416 181 60662 4 60672 179 60918 3 60928 178 61184 176 61440 174 61696 173 61952 171 62208 169 62455 1 62464 168 62709 4 62720 166 62964 6 62976 166 63219 7 63232 166 63473 9 63488 167 63729 9 63744 168 63985 9 64000 168 64242 8 64256 169 64500 6 64512 164 64759 1 64768 158 65024 153 65280 147
478603,0 65536
136374,0 65536
217771,0 65536
000097,0 65536
169327,0 65536
000037,0 65536
269087,0 65536
694806,0 65536
190259,0 65536
451709,0 65536
254228,0 65536
468422,0 65536
804179,0 65536
863933,0 65536
112782,0 65536
157706,0 207 256 212 473 16 512 236 768 213 983 21 1024 209 1245 15 1280 208 1505 11 1536 208 1763 9 1792 207 2020 8 2048 207 2276 8 2304 207 2532 8 2560 207 2789 7 2816 207 3045 7 3072 208 3301 7 3328 208 3557 8 3584 208 3813 8 3840 208 4069 8 4096 209 4325 8 4352 209 4582 8 4608 209 4838 8 4864 209 5094 8 5120 209 5351 7 5376 209 5608 6 5632 209 5864 6 5888 210 6121 5 6144 210 6378 4 6400 210 6635 3 6656 210 6892 1 6912 210 7168 210 7424 211 7680 211 7936 211 8192 211 8448 212 8704 212 8960 212 9216 213 9472 213 9728 214 9984 214 10240 214 10496 215 10752 215 11008 216 11264 216 11520 216 11776 217 12032 217 12288 217 12544 218 12800 218 13056 218 13312 218 13568 219 13824 219 14080 219 14336 219 14592 220 14848 220 15104 220 15360 221 15616 221 15872 222 16128 222 16384 222 16640 223 16896 223 17152 223 17401 1 17408 224 17657 1 17664 224 17913 2 17920 225 18170 1 18176 225 18426 1 18432 225 18682 1 18688 225 18938 2 18944 226 19195 1 19200 226 19451 1 19456 226 19712 226 19968 227 20224 227 20480 227 20736 227 20992 227 21248 228 21504 228 21760 228 22016 229 22272 229 22528 230 22784 230 23040 230 23296 231 23552 231 23808 232 24064 232 24320 233 24576 233 24828 2 24832 234 25084 2 25088 234 25340 2 25344 234 25596 2 25600 235 25852 2 25856 235 26108 2 26112 235 26364 2 26368 235 26620 2 26624 235 26876 3 26880 236 27132 3 27136 236 27387 4 27392 236 27643 4 27648 237 27899 4 27904 237 28155 4 28160 237 28412 3 28416 237 28668 3 28672 238 28924 3 28928 238 29180 3 29184 238 29436 3 29440 238 29692 3 29696 238 29948 3 29952 239 30204 3 30208 239 30460 3 30464 239 30716 3 30720 240 30972 3 30976 240 31228 3 31232 240 31484 3 31488 240 31740 3 31744 241 31996 3 32000 241 32252 3 32256 241 32508 3 32512 241 32764 3 32768 242 33020 3 33024 242 33276 3 33280 242 33532 3 33536 242 33788 3 33792 242 34044 3 34048 243 34300 3 34304 243 34556 3 34560 243 34812 3 34816 243 35068 3 35072 244 35324 3 35328 244 35580 3 35584 244 35836 3 35840 244 36091 4 36096 245 36347 4 36352 245 36603 4 36608 245 36859 4 36864 246 37115 4 37120 246 37371 4 37376 247 37627 252 37883 253 38138 254 38394 27142
000042,0 1759 1761 252 2019 254 2275 254 2530 510 3041 5692 8737 251 9000 243 9257 242 9513 240 9770 237 10028 212 10241 22 10284 212 10498 19 10541 211 10753 15 10797 211 11009 13 11054 223 11311 221 11567 221 11824 221 12080 221 12336 222 12592 224 12848 225 13104 119 13225 106 13360 119 13483 105 13616 109 13730 3 13740 106 13872 108 13997 106 14127 108 14260 100 14383 106 14516 101 14638 106 14773 107 14893 106 15029 108 15148 105 15286 108 15403 105 15542 110 15657 106 15798 220 16054 181 16238 36 16311 177 16495 34 16568 175 16754 30 16824 174 17011 27 17080 173 17268 23 17336 172 17524 23 17593 170 17781 21 17849 169 18037 21 18106 166 18293 23 18327 1 18362 165 18548 25 18582 6 18619 164 18804 26 18838 9 18875 163 19059 30 19093 13 19131 163 19315 32 19349 14 19387 162 19570 50 19644 161 19825 53 19901 160 20080 55 20158 159 20336 56 20415 158 20591 57 20673 157 20847 58 20929 157 21102 60 21185 157 21358 60 21441 158 21614 61 21696 159 21870 61 21952 159 22126 62 22207 160 22383 61 22462 161 22639 62 22718 161 22896 61 22973 162 23152 61 23228 163 23408 62 23483 164 23664 62 23738 165 23919 64 23991 169 24175 65 24245 172 24430 67 24500 174 24686 244 24944 243 25201 242 25457 242 25713 242 25969 242 26224 243 26480 243 26737 243 26993 243 27250 242 27506 243 27762 243 28019 243 28275 244 28531 245 28787 246 29043 248 29299 250 29555 252 29810 31185 60998 252 61253 252 61509 252 61764 253 62019 3068 65095 248 65353 183
000082,0 6293 6298 249 6556 245 6814 243 7071 243 7329 242 7585 189 7780 48 7842 188 8044 41 8098 188 8301 42 8355 190 8556 44 8611 192 8810 47 8866 196 9064 51 9122 250 9376 2912 12289 255 12546 9 12556 244 12814 242 13070 242 13327 241 13583 241 13839 241 14095 241 14351 241 14607 241 14862 242 15118 242 15374 242 15630 242 15886 242 16142 242 16398 242 16653 243 16908 244 17164 244 17419 245 17675 245 17931 245 18186 246 18442 246 18698 246 18954 246 19210 246 19467 69 19540 172 19723 69 19797 171 19978 70 20053 171 20234 71 20308 172 20489 247 20745 247 21001 247 21257 247 21512 248 21768 248 22023 249 22279 249 22535 249 22791 249 23046 250 23302 250 23558 250 23815 249 24071 249 24327 249 24583 249 24839 249 25095 249 25351 249 25607 249 25863 249 26119 249 26375 249 26631 249 26886 250 27142 250 27397 251 27652 252 27908 252 28164 252 28420 252 28677 251 28935 249 29192 248 29448 248 29704 248 29961 247 30219 245 30476 244 30732 244 30988 244 31245 243 31501 243 31757 243 32013 243 32269 243 32525 243 32781 243 33037 243 33293 243 33549 243 33805 243 34061 243 34317 243 34573 243 34829 243 35084 244 35339 245 35594 246 35844 252 36099 253 36354 254 36610 254 36866 254 37121 255 37377 255 37633 27903
000011,0 65536
423050,0 65536
491029,0 65536
737692,0 65536
597667,0 65536
